learning evaluation instances,evaluation time (cpu seconds),model cost (RAM-Hours),classified instances,classifications correct (percent),Kappa Statistic (percent),model training instances,model serialized size (bytes),Member weight 1,Member weight 2,Member weight 3,Member weight 4,Member weight 5,Stored member weight 6,Stored member weight 7,Stored member weight 8,Stored member weight 9,Stored member weight 10
500.0,0.225281,5.058734884692563E-10,500.0,49.6,0.0,500.0,8680.0,42.689505772007124,-1.0,-1.0,-1.0,-1.0,-1.0,-1.0,-1.0,-1.0,-1.0
1000.0,0.281073,6.676433752808306E-10,1000.0,65.0,30.1095881657561,1000.0,11208.0,43.033868072697494,4.19369916683636,-1.0,-1.0,-1.0,-1.0,-1.0,-1.0,-1.0,-1.0,750.0,250.0,2488.0,0.0
1500.0,0.314727,7.874422541095152E-10,1500.0,60.0,18.90357635228286,1500.0,13760.0,44.1056506530429,4.329013877337003,4.189905379476505,-1.0,-1.0,-1.0,-1.0,-1.0,-1.0,-1.0,1000.0,288.6751345948129,2488.0,0.0
2000.0,0.348755,9.308266246484387E-10,2000.0,64.4,28.83643574489861,2000.0,16288.0,47.587273798273564,4.795621733846225,4.791002566083763,4.783486173676178,-1.0,-1.0,-1.0,-1.0,-1.0,-1.0,1250.0,322.7486121839514,2488.0,0.0
2500.0,0.386159,1.1131307834552395E-9,2500.0,65.0,27.62374272101642,2500.0,18840.0,47.42057808734815,4.77302113795701,4.727820523693172,4.721306461437249,4.70883060480411,-1.0,-1.0,-1.0,-1.0,-1.0,1500.0,353.5533905932738,2488.0,0.0
3000.0,0.418482,1.291742744959063E-9,3000.0,55.60000000000001,11.822182679016862,3000.0,21360.0,42.10790873389679,4.196159503917664,4.147481711118394,4.097263637881381,3.970645266484184,3.8167904360262375,-1.0,-1.0,-1.0,-1.0,1800.0,463.68092477478524,2488.0,0.0
3500.0,0.4502,1.4878206389645737E-9,3500.0,67.2,34.21580425190533,3500.0,23896.0,42.34682431163177,4.452379003575938,4.431448336163376,4.413357597658832,4.24761480127671,4.24678268813089,4.032368774773861,-1.0,-1.0,-1.0,2100.0,578.7918451395112,2488.0,0.0
4000.0,0.48202,1.7052733670506213E-9,4000.0,70.39999999999999,40.57656789528627,4000.0,26416.0,43.638859018145624,4.613613498888258,4.6113597074900605,4.60822682985856,4.558697986139063,4.498040061775938,4.436382063690397,4.190508405785391,-1.0,-1.0,2500.0,651.9202405202649,2488.0,0.0
4500.0,0.511235,1.9240908862815962E-9,4500.0,60.4,20.228195706826526,4500.0,28952.0,43.968569387171634,4.34134213989061,4.317622443067524,4.307665842653711,4.252377077849887,4.172405127184721,4.162808940540335,4.067348819859327,4.018265029899307,-1.0,2900.0,731.4369419163896,2488.0,0.0
5000.0,0.543091,2.183456987970405E-9,5000.0,62.6,24.474959612277864,5000.0,31472.0,44.18173537287229,4.487889265823182,4.482501770885294,4.475847956598155,4.453338476422163,4.41957558006775,4.404116404431214,4.3064530111049315,4.298507863619553,4.276407637907373,3000.0,935.4143466934853,2488.0,0.0
5500.0,0.580241,2.4859259318974284E-9,5500.0,65.0,30.127447535694902,5500.0,31472.0,44.98712262769224,4.791404484109549,4.7842218337324365,4.777558720709057,4.757469550247178,4.7099219792477705,4.6188868944427135,4.61794079163611,4.613752683745701,4.537916352640606,3600.0,927.3618495495705,2488.0,0.0
6000.0,0.613629,2.75776531547308E-9,6000.0,63.6,27.484261694158896,6000.0,31472.0,42.32812031823647,4.3224481993189565,4.293706712367719,4.283762643407183,4.280215598489765,4.259702708545495,4.229771754357704,4.176036167011707,4.148509089517058,4.119186102853519,4000.0,1012.4228365658294,2488.0,0.0
6500.0,0.643298,2.9993252373403973E-9,6500.0,66.0,32.03371127920553,6500.0,31472.0,42.88870450662745,4.3919149840654494,4.369938831937431,4.366996841000924,4.36518856495677,4.361784290120995,4.359450311676003,4.271620942512572,4.202664324844235,4.165660135501731,3000.0,1244.9899597988733,2488.0,0.0
7000.0,0.673449,3.244809520741304E-9,7000.0,68.2,36.44677517347233,7000.0,31472.0,44.31678712919468,4.492255713315809,4.471996515468014,4.436670529346597,4.389651930112094,4.383577764596964,4.376526811870916,4.365224710309849,4.256053411800402,4.226301945297558,2400.0,1176.860229593982,2488.0,0.0
7500.0,0.704983,3.5015539535217816E-9,7500.0,63.800000000000004,26.57796527665097,7500.0,31472.0,40.57275148857737,4.293219175200166,4.2828010850526415,4.276625416002157,4.2476969130070685,4.204411788015896,4.186056428632457,4.184513260004214,4.1775860817734936,4.135816646064713,1500.0,353.5533905932738,2488.0,0.0
8000.0,0.737148,3.763435880343119E-9,8000.0,67.0,33.87939601833745,8000.0,31472.0,42.2425089524643,4.548147346523709,4.542971028469117,4.533884582000137,4.520385447857431,4.507660863675614,4.5050224910656524,4.494046809283456,4.48392842553319,4.4274219354400355,4400.0,1336.0389215887387,2488.0,0.0
8500.0,0.767754,4.012624695897103E-9,8500.0,60.6,21.860125658437518,8500.0,31472.0,43.558016585159365,4.440936712400144,4.432198683508253,4.416206166424091,4.405467416973146,4.402633428864444,4.394490663644929,4.3883910888905,4.384107427707426,4.26324585235075,3400.0,1248.9995996796795,2488.0,0.0
9000.0,0.799874,4.2741402404175865E-9,9000.0,63.800000000000004,27.73874161609709,9000.0,31472.0,41.28987046406139,4.2802236213095535,4.264646595904962,4.238595604539894,4.223937585458106,4.216244656582151,4.215250199702963,4.214904753075919,4.211092028769987,4.067224636938961,4300.0,1419.506956657839,2488.0,0.0
9500.0,0.829857,4.518256696561972E-9,9500.0,66.60000000000001,32.884287689290424,9500.0,31472.0,43.06481389012938,4.525491038097616,4.517786896871619,4.51604998886665,4.48457557534928,4.475093266517008,4.47016209439222,4.466169159561627,4.420651337879297,4.386476117409483,5300.0,1488.2876066137217,2488.0,0.0
10000.0,0.857455,4.74295489076111E-9,10000.0,57.8,13.58125819134992,10000.0,31472.0,42.092005457555004,4.4065064266630705,4.401552315719884,4.39469706573203,4.390002854765244,4.384112717458995,4.383883201457707,4.383648326164557,4.381219153585242,4.379062664658887,3700.0,1601.5617378046968,2488.0,0.0
10500.0,0.894266,5.042663754688368E-9,10500.0,57.4,12.742109920361798,10500.0,31472.0,40.49161538555274,4.1719663849214985,4.1547580416738885,4.147563787292789,4.140965153365336,4.137978759360916,4.133722112062435,4.13077697683827,4.122067214574943,4.0834369217752515,4100.0,1653.7835408541227,2488.0,0.0
11000.0,0.923966,5.284476073251829E-9,11000.0,53.0,6.642300969331008,11000.0,31472.0,43.67291916725739,4.399738457844977,4.376770188685844,4.365823384398749,4.356145176478724,4.330688382197926,4.325340355334294,4.324246457053741,4.286522434124344,4.116876148991708,5900.0,1698.528775146303,2488.0,0.0
11500.0,0.950859,5.503434278070926E-9,11500.0,61.4,22.412684119122652,11500.0,31472.0,43.11286075809994,4.29139616363123,4.290531321134372,4.285886108362733,4.260895452959482,4.253588576013554,4.2414087790468145,4.227570903771699,4.188599280328184,4.155381519206796,6300.0,1779.0446874657196,2488.0,0.0
12000.0,0.978108,5.725290973981221E-9,12000.0,61.0,22.201653314608528,12000.0,31472.0,42.79348699297212,4.340824118269226,4.3371913366363275,4.330257380151509,4.327196749960245,4.2924166056372455,4.276478769538018,4.259176845078491,4.235716528708547,4.197809981372254,6700.0,1861.4510468986284,2488.0,0.0
12500.0,1.005039,5.944558568298816E-9,12500.0,59.599999999999994,18.951017525839376,12500.0,31472.0,43.264406145668524,4.424292187363588,4.4098955933774135,4.399197029148594,4.397209675416362,4.390155247018356,4.385219028126908,4.37146225127668,4.3603258923496195,4.350267358969042,5600.0,2232.7113561766105,2488.0,0.0
13000.0,1.032212,6.165796485212113E-9,13000.0,56.99999999999999,14.107194221611424,13000.0,31472.0,40.72376037260429,4.205132614141408,4.204274045903915,4.19776723127091,4.193325802023956,4.192484790291281,4.191407737055871,4.184195682546265,4.18252369829237,4.1742982310579375,4700.0,1504.9916943292412,2488.0,0.0
13500.0,1.059442,6.3874984863731586E-9,13500.0,60.0,20.265356892262545,13500.0,31472.0,42.602390115075366,4.2676981499639055,4.265941768725493,4.234174583150723,4.2327800870373,4.223289846338923,4.222417327847172,4.218873050794522,4.206003315758029,4.173301344596717,2600.0,1100.0,2488.0,0.0
14000.0,1.087297,6.614289130601617E-9,14000.0,55.60000000000001,10.640969907742846,14000.0,31472.0,39.6285924133617,4.0645022327797635,4.061313794980527,4.0559277439227905,4.050174668098833,4.047884863056692,4.044410321974559,4.043958154571632,4.042816250531341,4.01046544051274,4900.0,1705.872210923198,2488.0,0.0
14500.0,1.113787,6.8299661783708455E-9,14500.0,56.8,13.504508977911605,14500.0,31472.0,41.7183624688177,4.291614181324027,4.29043750694856,4.285887085013486,4.278379964177205,4.275627965467183,4.262199859878933,4.26210655045435,4.244582004003071,4.203807452438134,6700.0,2289.1046284519193,2488.0,0.0
15000.0,1.140497,7.047434428499804E-9,15000.0,53.400000000000006,7.333757556474711,15000.0,31472.0,40.83040670664458,4.065243587244592,4.06257529742961,4.055765880585781,4.05306744291031,4.05165744942363,4.042914897279857,4.0373449184608745,4.03256572082669,4.012714871701447,3300.0,982.344135219425,2488.0,0.0
15500.0,1.166953,7.262834654086165E-9,15500.0,56.00000000000001,11.830714972747693,15500.0,31472.0,39.948822693871264,4.081512219145769,4.073395609376221,4.051541432306942,4.045100215064806,4.044207210926328,4.029458326298256,4.014817422857945,3.993478631319304,3.991458871148181,2800.0,1055.9356040971438,2488.0,0.0
16000.0,1.193891,7.482159241206115E-9,16000.0,54.6,9.007824525397638,16000.0,31472.0,40.89774988696538,4.108728638195834,4.09787124289016,4.088699331905004,4.084492385211838,4.07899097974776,4.072102373537252,4.0706788058139045,4.069624051230441,4.069511395348733,4200.0,1894.7295321496415,2488.0,0.0
16500.0,1.219936,7.694213175111346E-9,16500.0,56.39999999999999,12.79999999999999,16500.0,31472.0,38.52701410823259,4.076275297429748,4.07577797617286,4.058383571513193,4.042005125815218,4.038680507082941,4.029546903618356,4.019580956870175,3.9780937736673696,3.9639879182886935,1900.0,509.9019513592785,2488.0,0.0
17000.0,1.245591,7.90309179574251E-9,17000.0,53.6,7.899960301707018,17000.0,31472.0,41.48611849029677,4.198711021645796,4.193841863330287,4.193398111489373,4.187349808955094,4.176907272717666,4.164141033727389,4.145876596699691,4.093915161638043,4.058537371236614,2800.0,1067.707825203131,2488.0,0.0
17500.0,1.271729,8.115902919736172E-9,17500.0,54.800000000000004,10.540399322323749,17500.0,31472.0,40.13180163337206,3.984744651444661,3.973935149490785,3.971604653736335,3.940390520912791,3.9305642216986216,3.9219241992266216,3.907643031602421,3.8714277390247647,3.869671148440534,2800.0,1067.707825203131,2488.0,0.0
18000.0,1.297308,8.324162761370339E-9,18000.0,58.599999999999994,17.165540864999834,18000.0,31472.0,40.95096958354261,4.114666799469953,4.096004271478217,4.065273640926883,4.054798437453454,4.048094038574015,4.03361261091301,4.027716618162863,4.00543125716708,3.998624565725334,2000.0,651.9202405202649,2488.0,0.0
18500.0,1.32286,8.532202773623995E-9,18500.0,54.400000000000006,8.900573766561722,18500.0,31472.0,39.68865586801333,4.0324100128618685,4.02436411411545,4.019123781239835,3.9844116894573767,3.978461999035966,3.9741257719579965,3.9667569463420733,3.9394306211752537,3.926063353377075,2300.0,734.8469228349535,2488.0,0.0
19000.0,1.349449,8.748685862455101E-9,19000.0,54.0,8.176301501117853,19000.0,31472.0,38.96006382055071,4.038969499723346,4.0225825142150295,3.9698225157164444,3.9517525244966687,3.937418870167628,3.9321013673026926,3.928924862257006,3.922163720967494,3.9142476373021364,4700.0,1210.3718436910206,2488.0,0.0
19500.0,1.374123,8.949577348927655E-9,19500.0,48.199999999999996,-3.0361859902613015,19500.0,31472.0,39.238732316263295,4.0222688670253035,4.003143082234749,3.9811578273265,3.9724106967629456,3.942464068782484,3.9133620604121835,3.874339112211867,3.8564723449252636,3.848871659196366,2400.0,979.7958971132713,2488.0,0.0
20000.0,1.399229,9.153986105488406E-9,20000.0,56.2,9.074301657421879,20000.0,31472.0,39.99678698782175,4.083498778734806,4.057127025284513,4.042090863892493,4.010064906890473,3.9947222826974467,3.9943741930845125,3.9894885264218933,3.9872791992660463,3.966726080196411,2700.0,1055.9356040971438,2488.0,0.0
20500.0,1.42313,9.348583958215183E-9,20500.0,56.599999999999994,13.0581108368858,20500.0,31472.0,39.80947787902775,4.1602886648159725,4.143386133868152,4.136138183937781,4.118262529155674,4.104334854205886,4.047532642297539,4.045083340399845,4.025098923188262,4.012007226126875,2900.0,1176.860229593982,2488.0,0.0
21000.0,1.448529,9.555378270645936E-9,21000.0,59.0,17.604501607717044,21000.0,31472.0,39.60749939107903,4.071552151679083,4.069829126653764,4.065060767530674,4.061399980835526,4.050748171915398,4.045021036975103,4.0012251168134,3.9546863068010794,3.904451736169408,2200.0,982.344135219425,2488.0,0.0
21500.0,1.472877,9.753615520894527E-9,21500.0,53.2,5.736384144376422,21500.0,31472.0,38.598873637775014,4.018204973405111,4.007834224761366,3.997275403475769,3.997003325689572,3.9950332151873806,3.993880017697547,3.973064922310318,3.9630824623731358,3.9365383187131116,3200.0,1356.4659966250535,2488.0,0.0
22000.0,1.498837,9.96497739934259E-9,22000.0,59.199999999999996,17.690159939316665,22000.0,31472.0,38.880813164925755,4.097874459120623,4.094270858445449,4.085872859566887,4.075146189098718,4.070924708226521,4.052622437479624,3.9727808001603426,3.9715314761715312,3.9706484176969883,1500.0,353.5533905932738,2488.0,0.0
22500.0,1.524671,1.0175313407348261E-8,22500.0,54.0,8.11760945989134,22500.0,31472.0,39.07672849608255,4.0454670059730224,4.037896616629767,4.024487437515438,4.015629830100507,4.008533785011765,3.9994642275488865,3.99849360761372,3.927056511466217,3.892277879023331,3000.0,1083.9741694339398,2488.0,0.0
23000.0,1.549876,1.038052820497089E-8,23000.0,55.2,10.697199719334066,23000.0,31472.0,39.69204926412125,4.149819830495115,4.140218194720011,4.130354602348819,4.127599678416622,4.122968316435957,4.114916669276522,4.096846207136634,4.0475574832167,4.005186922410848,2100.0,578.7918451395112,2488.0,0.0
23500.0,1.575235,1.0586996844245328E-8,23500.0,51.2,-0.26957722401209394,23500.0,31472.0,39.844920974285394,4.130873252032848,4.125557157795069,4.1148304442850465,4.0962894407478165,4.095302345452024,4.085398833794857,4.081562398620111,4.060194391806347,4.0168546341543605,2500.0,651.9202405202649,2488.0,0.0
24000.0,1.599854,1.078744053012795E-8,24000.0,54.2,5.183835707187823,24000.0,31472.0,41.052410497398306,4.2020504249714055,4.196001890493522,4.185280541520535,4.167787455673876,4.161959407146301,4.140595339118709,4.1106398712737615,4.089841110160465,4.048395903042518,2900.0,731.4369419163896,2488.0,0.0
24500.0,1.62526,1.0994291835361057E-8,24500.0,52.2,0.8956709238679696,24500.0,31472.0,39.93541390930486,4.069851961158698,4.068225592106861,4.048515915109756,4.043529180726258,4.041713461364622,4.034338355216989,4.014456857180492,4.006854659725538,4.006437316212888,4800.0,1250.9996003196804,2488.0,0.0
25000.0,1.65043,1.119922166897191E-8,25000.0,53.0,4.403150221296538,25000.0,31472.0,39.74247166485399,4.0080402568405065,4.006307513906218,3.999297276661993,3.967485542088382,3.9508211382039367,3.949026004744841,3.9309573003214786,3.9124151372864864,3.9057684503939085,3100.0,812.403840463596,2488.0,0.0
25500.0,1.675409,1.1402596413261361E-8,25500.0,57.4,13.248183506565441,25500.0,31472.0,39.44558521280884,3.9816452812061414,3.966170313179021,3.9501602373782205,3.9447371963080036,3.936464209321993,3.9279633563252077,3.918586535033477,3.885582419702829,3.845231896564646,2200.0,956.5563234854495,2488.0,0.0
26000.0,1.70053,1.160712729725573E-8,26000.0,52.0,-0.29922602430584344,26000.0,31472.0,39.44236283350112,4.0151719716643335,3.985331393758292,3.981676264400821,3.97815306218036,3.9613323026339353,3.9453980896337635,3.9142619060180714,3.905590266408943,3.9050546887029802,2800.0,956.5563234854495,2488.0,0.0
26500.0,1.727219,1.1824424568977622E-8,26500.0,56.599999999999994,10.702528311825114,26500.0,31472.0,39.23719853337165,4.041649279015703,4.040073384432675,4.014260650642126,4.010912612060705,4.010385940670273,3.994949934711586,3.9880549866600004,3.9631345214310008,3.9345525551627176,1400.0,659.545297913646,2488.0,0.0
27000.0,1.752784,1.2032570425007079E-8,27000.0,53.0,4.651389249545584,27000.0,31472.0,38.495012135307356,4.045731615725918,4.041558442048606,4.038937963089296,4.036115864821541,4.017914706365198,3.9827757902134477,3.9795583065005644,3.9793497948112777,3.9570622629330208,4600.0,1208.3045973594571,2488.0,0.0
27500.0,1.778093,1.2238631972836125E-8,27500.0,52.400000000000006,4.112679688003608,27500.0,31472.0,40.33229447797372,4.158374175990743,4.107319581568069,4.071328607663068,4.023055073624246,4.018992749409184,4.018593817811732,4.005218090612632,3.9671097517415452,3.962445245345664,2100.0,992.4716620639604,2488.0,0.0
28000.0,1.803755,1.2447567586269645E-8,28000.0,52.6,4.222301251171968,28000.0,31472.0,39.365476782141066,4.069340614280407,4.0679259317729946,4.060620311790597,4.008433560978996,4.003353298032438,3.991419398447352,3.9872352312533677,3.9785658912111863,3.945441336387704,1400.0,291.547594742265,2488.0,0.0
28500.0,1.829235,1.2655021386841934E-8,28500.0,55.00000000000001,11.76193762941585,28500.0,31472.0,39.04448534877556,4.081531481049208,4.075241656575817,4.069138372189283,4.0688222794481295,4.065435531222036,4.0403317105640815,4.035390492937746,4.020647976294179,3.9370132273893788,3500.0,987.4208829065748,2488.0,0.0
29000.0,1.853603,1.2853421473668682E-8,29000.0,53.0,1.498893434377315,29000.0,31472.0,41.128076999256706,4.168424897665562,4.148318676231328,4.147122681709799,4.084247970136149,4.061847616116437,4.061285309782007,4.032705620434848,4.008814097608937,3.984940510534627,3900.0,1065.3637876331256,2488.0,0.0
29500.0,1.879039,1.3060517033769025E-8,29500.0,56.2,10.658921053490438,29500.0,31472.0,39.207655390529574,4.080697387873444,4.078852256763988,4.073905649235513,4.054109657985469,4.052285963551634,4.031276235166843,4.006716940797709,3.975946572317099,3.973035232952533,4000.0,1264.9110640673516,2488.0,0.0
30000.0,1.904691,1.3269371228913467E-8,30000.0,53.2,5.129494186140796,30000.0,31472.0,39.70346991425074,4.056872004667301,4.050718698860721,4.050446122733541,4.046708932206853,4.02279926781912,4.021122157762866,3.9957268186245027,3.9804045870982803,3.930133793476319,2900.0,1088.5770528538621,2488.0,0.0
30500.0,1.928718,1.3464994952082635E-8,30500.0,54.0,6.47821348990778,30500.0,31472.0,38.72886555142545,3.972266134467575,3.9528773359133726,3.945842263815984,3.9416154879762337,3.9391728671785633,3.9324893995199033,3.9263647973155615,3.9084230116429484,3.8745662619362125,4200.0,1178.9826122551597,2488.0,0.0
31000.0,1.953768,1.3668947766224544E-8,31000.0,53.400000000000006,5.832713634453103,31000.0,31472.0,39.46615944762901,4.076357266159827,4.05935016149214,4.058352232633266,4.037925013546032,3.9973994918638613,3.9840596098117333,3.982382818136575,3.9511664835693625,3.8848540794455184,2000.0,524.4044240850758,2488.0,0.0
31500.0,1.979732,1.3880342211988238E-8,31500.0,54.0,6.185247426212662,31500.0,31472.0,40.86938039765909,4.177772220949372,4.17088844367568,4.153085866592993,4.152109035346655,4.139388069946373,4.128274549854864,4.119800853147082,4.062062673907196,4.055277464330129,4600.0,1258.967831201417,2488.0,0.0
32000.0,2.004079,1.4078571320407921E-8,32000.0,58.199999999999996,12.79457907737498,32000.0,31472.0,38.89110547883358,4.079085948219509,4.072279902686966,4.062847633668659,4.050670655780176,4.040034507104952,4.032752799092869,4.018635190439981,4.008160086681203,3.965452042537322,3700.0,1210.3718436910206,2488.0,0.0
32500.0,2.02776,1.4271377970774968E-8,32500.0,58.8,15.834545424831244,32500.0,31472.0,39.021048380888416,4.086208730238974,4.081973095306569,4.076987085534679,4.052726488615981,4.03424802773005,4.028692171170932,4.023145148009429,4.022530114652263,4.018773760271816,5100.0,1399.9999999999998,2488.0,0.0
33000.0,2.051946,1.4468296244740486E-8,33000.0,51.4,-1.7690220122625413,33000.0,31472.0,39.28660771427427,4.101003887555442,4.086651120568876,4.08267928132515,4.077821610992839,4.062648718483186,4.060722414500401,4.051247521298848,3.989872924758265,3.962327395329384,4200.0,1365.6500283747662,2488.0,0.0
33500.0,2.0767,1.4669839077525668E-8,33500.0,55.00000000000001,8.315947320380769,33500.0,31472.0,39.62448972425334,4.076236697257943,4.065002294702264,4.054327961163555,4.053669505864563,4.047245061019375,4.040107208622973,4.032868785674637,4.031904910201254,3.942194671736325,5700.0,1521.512405470294,2488.0,0.0
34000.0,2.101108,1.486856483750873E-8,34000.0,53.800000000000004,6.535249563021946,34000.0,31472.0,38.41981173672835,4.047738134346733,4.030738902431872,4.02349988176632,4.021800968626658,4.0163297928210175,4.007342150306418,3.9928677001845347,3.9600733497635785,3.956617018579675,4800.0,1521.512405470294,2488.0,0.0
34500.0,2.126766,1.507746788362662E-8,34500.0,55.400000000000006,9.839247016204688,34500.0,31472.0,38.93345862759838,4.079169463940725,4.071977458094821,4.0670985144428276,4.045567656605998,4.029566360940172,4.019837769360738,4.013883822328633,3.9988297727191986,3.9410765137315305,6000.0,1717.5564037317667,2488.0,0.0
35000.0,2.152736,1.528891118036376E-8,35000.0,52.0,1.6989694775300168,35000.0,31472.0,40.10267550151414,4.109634454531797,4.103472358224766,4.091814460713431,4.079716029096871,4.067893152053302,4.063103086431599,4.056451813985866,4.0382137321433245,4.033823665454243,5700.0,2095.232683975696,2488.0,0.0
35500.0,2.178082,1.54952739758624E-8,35500.0,57.8,15.41865760189847,35500.0,31472.0,39.82425571504184,4.109819861029245,4.1086028145519675,4.103953414297983,4.090898713103079,4.086269678241267,4.080259522721984,4.07962737554277,4.060176611702223,3.9955499732974546,6700.0,1907.8784028338914,2488.0,0.0
36000.0,2.203377,1.5701221538086733E-8,36000.0,52.2,4.289741782533478,36000.0,31472.0,39.30317158048144,4.053834350034706,4.050166197283927,4.04777616025005,4.041777944460714,3.988468544075877,3.985354136969558,3.979548593368721,3.9713800141485276,3.9407764205561326,7100.0,1989.97487421324,2488.0,0.0
36500.0,2.228593,1.5906525895827348E-8,36500.0,54.0,4.516771836599137,36500.0,31472.0,38.37363722568364,4.039040066665157,4.036953002428367,4.034396378804047,4.0326019699779705,4.012574937396565,3.999596649169,3.9976744107165256,3.994315384990618,3.9902465630002424,7500.0,2073.6441353327723,2488.0,0.0
37000.0,2.252802,1.6103631431857748E-8,37000.0,50.2,-1.968942471497829,37000.0,31472.0,38.428023906752564,4.048380727952694,4.0440789756329405,4.039118775919784,4.007293656336882,3.994488275294629,3.992622493314133,3.9893017318727515,3.98786417573434,3.9660829822543247,5600.0,1939.0719429665317,2488.0,0.0
37500.0,2.27755,1.6305125413669484E-8,37500.0,51.6,-0.07940183947593543,37500.0,31472.0,41.229901920470816,4.106856722500702,4.098789110600101,4.098492530248443,4.096218317525211,4.0545101106242925,4.010579435476906,3.989376676560924,3.9886736625590906,3.946483832799902,7900.0,2158.7033144922902,2488.0,0.0
38000.0,2.302923,1.651170803854863E-8,38000.0,56.00000000000001,8.074409587003396,38000.0,31472.0,39.58474715480365,4.125710975264632,4.104062202111308,4.096682330324783,4.092897960015691,4.079313697235342,4.075976829910793,4.057450874945071,4.057323547502178,4.054940663351514,7300.0,2634.387974463898,2488.0,0.0
38500.0,2.326966,1.6707462030980323E-8,38500.0,56.8,12.213678409441894,38500.0,31472.0,40.6135580969584,4.14349020337388,4.143440870902214,4.139434153048191,4.132544279383302,4.1231488803601914,4.101802573602749,4.100484231707271,4.062753619574334,4.057657702282839,7500.0,2810.693864511039,2488.0,0.0
39000.0,2.351386,1.690628549291028E-8,39000.0,52.800000000000004,4.430225965821659,39000.0,31472.0,41.30615659354986,4.155677357785189,4.1554488449241145,4.155214163503485,4.127815923520362,4.1092983242289804,4.093912269264478,4.076209041709602,4.074698641498795,4.058114734228641,8000.0,2819.5744359743367,2488.0,0.0
39500.0,2.376019,1.7106843164397612E-8,39500.0,61.8,23.14749243545998,39500.0,31472.0,39.53506719138387,4.152038658758916,4.150974996692818,4.1474436405724475,4.1413241131328595,4.132104949151707,4.095179394201726,4.083610265524714,4.083405723477979,4.0809456292214605,8400.0,2887.04000665041,2488.0,0.0
40000.0,2.399336,1.7296686189042198E-8,40000.0,51.2,2.3500032016392347,40000.0,31472.0,38.884588367241726,4.011575766607107,4.00523562655143,4.000578123503226,3.988032343596874,3.9788189100005553,3.976394775663196,3.974897832692473,3.9475625695391927,3.891397695906543,9400.0,2712.931993250107,2488.0,0.0
40500.0,2.422753,1.748734339657757E-8,40500.0,56.8,13.127413127413107,40500.0,31472.0,40.402253537310536,4.172047669977964,4.171925049741263,4.171600033256291,4.170306592879414,4.119700711918585,4.06234415041433,4.053077294720495,4.048285259647211,4.043990529044022,9800.0,2795.5321496988727,2488.0,0.0
41000.0,2.446298,1.7679042758213148E-8,41000.0,56.8,13.279480961634196,41000.0,31472.0,38.32990475018362,4.047624256422149,4.044374953332021,4.041695501423075,4.03461146225263,4.014434650981411,4.010585608096243,3.976594850711506,3.968529961913633,3.9429224250285797,9400.0,3195.3090617340913,2488.0,0.0
41500.0,2.469792,1.7870326886574426E-8,41500.0,56.99999999999999,14.192209450830132,41500.0,31472.0,39.60290343185547,4.14570144552507,4.125766930479399,4.118544751600702,4.117402509901056,4.11611797555125,4.0978237437827065,4.082165992219794,4.032716621879492,4.004270151031671,7200.0,3459.046111285595,2488.0,0.0
42000.0,2.493084,1.8059966365496315E-8,42000.0,56.00000000000001,12.688711444128714,42000.0,31472.0,41.038637388158506,4.197320959573889,4.196980105969999,4.188635656903757,4.175946276908464,4.175087745347538,4.174965848996101,4.159023685018029,4.058099805626017,3.997589840643525,10100.0,3306.81115275729,2488.0,0.0
42500.0,2.51703,1.8254930600523948E-8,42500.0,55.800000000000004,8.152408817368762,42500.0,31472.0,41.29645448438594,4.2608128996436925,4.25307470545483,4.252376294809608,4.248186197326877,4.240411518445946,4.227109691786952,4.2246470118505375,4.17545854761793,4.112501333891304,10500.0,3380.088756231114,2488.0,0.0
43000.0,2.540765,1.844817690965202E-8,43000.0,52.0,4.4281618349793,43000.0,31472.0,39.14172354210031,4.022747770489447,4.0208117787517645,4.019634122114433,4.002923283118992,3.997426833732282,3.9684986040818817,3.9481067510871064,3.919724036792459,3.8475077868512533,10900.0,3222.5766088644036,2488.0,0.0
43500.0,2.565049,1.864589308285051E-8,43500.0,54.400000000000006,5.61038616943764,43500.0,31472.0,39.72510640564537,4.104812405807121,4.088602433427745,4.0853228468157745,4.079017113918442,4.076367823967452,4.033594370423157,4.025509753977974,3.9899294837865136,3.982481414816739,9100.0,3388.952640566108,2488.0,0.0
44000.0,2.589317,1.884347898678647E-8,44000.0,58.4,14.737325375483676,44000.0,31472.0,41.62022994193099,4.203152130698297,4.2012438256393265,4.197160145927907,4.187273073370485,4.184269983936283,4.162663389643287,4.157860983821279,4.14771689025751,4.096162431609956,11200.0,3502.142201567492,2488.0,0.0
44500.0,2.613714,1.9042115186651548E-8,44500.0,54.2,7.842632239786229,44500.0,31472.0,40.33058646564641,4.110606198559144,4.102513927749848,4.0998533717964945,4.09816706697367,4.095138138983467,4.077087473578913,4.047482115491252,4.045364979570332,3.9387963529147236,8700.0,3945.250308915772,2488.0,0.0
45000.0,2.637611,1.9236680472062694E-8,45000.0,62.6,25.25979216626698,45000.0,31472.0,40.2046869643322,4.242566982609744,4.235862097451537,4.216262232819824,4.178290538120493,4.169460053867957,4.168508546575882,4.132897473845568,4.128506101278795,4.117743821636046,5300.0,3116.8894751017397,2488.0,0.0
45500.0,2.662212,1.9436977605024973E-8,45500.0,58.4,16.843906417411606,45500.0,31472.0,39.110032733398434,4.056300855203891,4.044829430981884,4.017341738637515,4.014953429648969,4.010334802490068,4.010132687445713,3.9673679863652636,3.9565105584741644,3.952683364777117,5700.0,3156.738823532919,2488.0,0.0
46000.0,2.685939,1.9630158779521783E-8,46000.0,65.4,30.338562638920212,46000.0,31472.0,41.57118852178347,4.324785170913805,4.2935868546694325,4.287081314348985,4.27989705378248,4.269247373560852,4.2691285059024935,4.2656609482344665,4.1907677493259365,4.177467795172067,5900.0,3268.7918257362307,2488.0,0.0
46500.0,2.709601,1.982281073513958E-8,46500.0,59.8,19.553662909836067,46500.0,31472.0,40.71330729212818,4.195334044894781,4.172180499867059,4.170092058969542,4.162998922507787,4.154457671652745,4.126941956473259,4.121236434559718,4.121148625054564,4.091550833834424,10000.0,3971.7754216471003,2488.0,0.0
47000.0,2.733105,2.0014176281789938E-8,47000.0,59.8,19.48405704214067,47000.0,31472.0,42.398687013382286,4.281972998971643,4.264544226259835,4.228190519316066,4.200056419720143,4.184486224133791,4.164108572600712,4.152240647722687,4.12132402798778,4.11156248704395,3200.0,1410.6735979665884,2488.0,0.0
47500.0,2.756161,2.0201894289089573E-8,47500.0,57.599999999999994,15.27184947164803,47500.0,31472.0,39.83838404991444,4.049573604664612,4.048754713039745,4.044189910506003,4.0441752176456305,4.041833191942248,4.04061352936825,3.9960504264109424,3.9790557094045544,3.9562634963304815,10300.0,4112.784944535758,2488.0,0.0
48000.0,2.779493,2.0391859441167776E-8,48000.0,57.99999999999999,16.012094258426774,48000.0,31472.0,41.29312714105974,4.239080497357487,4.218612104628305,4.217679394162176,4.216974572452747,4.196716372285874,4.18887145584143,4.172943312551999,4.169985809917944,4.108336013632179,10900.0,4084.7276531000202,2488.0,0.0
48500.0,2.803292,2.0585626827345952E-8,48500.0,57.8,14.699223803363518,48500.0,31472.0,42.04351809009569,4.225081763204423,4.220509842389235,4.213563608358187,4.210930877130001,4.20210340715853,4.20144025784294,4.180559257367273,4.173173910534097,4.149365248587835,7600.0,3469.1497517403304,2488.0,0.0
49000.0,2.827639,2.0783855935765637E-8,49000.0,58.8,17.393814962145505,49000.0,31472.0,38.44701899504231,4.194133087819586,4.185235659546325,4.180788854780319,4.172074533966508,4.149964280574058,4.143572330650099,4.126916868880461,4.111944511364896,4.087022358507359,4300.0,1721.9175357722565,2488.0,0.0
49500.0,2.847852,2.0948426723480225E-8,49500.0,57.199999999999996,13.023686820243519,49500.0,31472.0,40.45829646705304,4.1871752539239875,4.181518551943339,4.1774832881653525,4.138089676981431,4.127475412784744,4.126854954219921,4.118097606304339,4.1177341268142245,4.099477679967519,8300.0,3487.836005319057,2488.0,0.0
50000.0,2.86779,2.111075850824515E-8,50000.0,52.400000000000006,4.800000000000004,50000.0,31472.0,41.50823126427114,4.220470756084081,4.200998840319583,4.1916793056920865,4.187474920531365,4.182381899435812,4.180815668705856,4.153451848565581,4.083124343746964,4.078944483149648,8500.0,4132.190702278877,2488.0,0.0
50500.0,2.887205,2.1268832116491266E-8,50500.0,55.60000000000001,10.834779255831888,50500.0,31472.0,41.04970030192973,4.2114747094541745,4.198693646465304,4.193984964701157,4.193719152994187,4.184703054505842,4.160007213195413,4.149658064560156,4.1307671556862635,4.110384596510923,8900.0,3603.47054934545,2488.0,0.0
51000.0,2.908846,2.144502943588628E-8,51000.0,57.8,15.491829541813518,51000.0,31472.0,42.35070713520201,4.293956848064429,4.280065856100801,4.253981323486523,4.248342761523075,4.231005672611567,4.224264831151816,4.220784540893387,4.2108734310900475,4.196887767880371,9300.0,3662.6493143624875,2488.0,0.0
51500.0,2.926673,2.159017381982671E-8,51500.0,59.0,18.51109839089232,51500.0,31472.0,40.418513338194415,4.191087279150916,4.169940244562609,4.167269664579045,4.157498184649895,4.1496788249406,4.148504058442055,4.143074082683285,4.070055282722535,4.057949505235784,8600.0,4069.3979898751604,2488.0,0.0
52000.0,2.946263,2.1749672248131702E-8,52000.0,58.4,17.01244813278008,52000.0,31472.0,42.306184475698004,4.3141757119550395,4.303175273684144,4.278352290898655,4.277848315878861,4.26300664182839,4.246143305815541,4.236320248010211,4.231357247552448,4.230354615443074,10000.0,3804.6024759493594,2488.0,0.0
52500.0,2.964038,2.1894393256968925E-8,52500.0,61.4,22.49245004176573,52500.0,31472.0,41.16804122876972,4.2554186614569085,4.244153551146092,4.242764930270411,4.236303608655748,4.207573283663507,4.186074800311913,4.180036585751641,4.165348662837701,4.137861512475637,5900.0,2394.7860029656094,2488.0,0.0
53000.0,2.982039,2.2040954319139324E-8,53000.0,57.199999999999996,14.629475968596406,53000.0,31472.0,41.39781027873575,4.169261267925804,4.153312105068999,4.140313644577804,4.138172152074718,4.13514437652127,4.10989757411037,4.098826396820982,4.097511393027683,4.068880440414969,13500.0,4263.214749458441,2488.0,0.0
53500.0,3.000668,2.219262844986386E-8,53500.0,52.6,4.837621663293825,53500.0,31472.0,38.43047020908441,4.031056988188221,4.027110008406286,4.015055485517516,3.9603948845856896,3.9404085702936613,3.922239206919245,3.903587701274879,3.8752953634054355,3.831202499599722,15200.0,4082.2787753900393,2488.0,0.0
54000.0,3.018941,2.2341404089497198E-8,54000.0,50.6,1.3924818753792563,54000.0,31472.0,42.10345577783098,4.313707133615269,4.3017958357562005,4.3009275914220675,4.2878798521789525,4.2698806038938155,4.261141568322381,4.252045389461027,4.251081355733221,4.235392468995333,11000.0,3937.0039370059053,2488.0,0.0
54500.0,3.03658,2.2485017809602953E-8,54500.0,53.400000000000006,7.20089214592959,54500.0,31472.0,39.91325469781221,4.129003349342901,4.12735446813554,4.126504925729612,4.098117553990469,4.095009864739053,4.071017443380614,4.064528667085216,4.0280747236769665,4.009738651063936,14400.0,4506.661735697499,2488.0,0.0
55000.0,3.054288,2.262919331590335E-8,55000.0,61.4,22.48746947693098,55000.0,31472.0,40.13289281936507,4.1592804978323485,4.157636300411792,4.156918286247146,4.148898075380004,4.142949445749871,4.1423162631632495,4.133317945876195,4.106339355719823,4.044926393121577,10000.0,4601.630145937415,2488.0,0.0
55500.0,3.072161,2.2774712223973542E-8,55500.0,54.6,8.952350393069151,55500.0,31472.0,39.56542638423117,4.102835123917671,4.099387473188243,4.0985861498263265,4.069740717978804,4.061119569725519,4.058314360388616,4.034110925806186,4.0031602080656645,3.939915524600235,16300.0,4360.619222083029,2488.0,0.0
56000.0,3.08978,2.291816310750114E-8,56000.0,60.6,21.210085109106025,56000.0,31472.0,40.22420037410782,4.216839671844469,4.211113180012522,4.202445621425383,4.199949822901927,4.180738579614052,4.161815651659547,4.160216156878603,4.159490495279082,4.153566544833187,12100.0,4255.584566190642,2488.0,0.0
56500.0,3.107621,2.306342147704628E-8,56500.0,51.0,2.3188313345241083,56500.0,31472.0,38.86784753141687,4.061394763593057,4.060321326834894,4.0523139151162715,4.028427905042646,4.0152603415006265,4.002381117810753,3.996445157367792,3.9801650721523227,3.9403113668105463,13900.0,5464.4304369257,2488.0,0.0
57000.0,3.125304,2.320739343762398E-8,57000.0,57.199999999999996,13.339272697821322,57000.0,31472.0,39.538470224771785,4.120316915700639,4.11345690682298,4.105893210025015,4.100078333625121,4.098810005241755,4.0966592494124825,4.092570603602007,4.062502512793308,4.020627674560578,15500.0,4829.5962564173,2488.0,0.0
57500.0,3.14308,2.335212258829011E-8,57500.0,53.800000000000004,7.59112874835984,57500.0,31472.0,40.54871681679566,4.121406082384853,4.121302008230764,4.114323881879669,4.102189639045432,4.077941015686691,4.075682922326358,4.043584706761849,4.0147815364265576,4.010083268285213,16100.0,4922.905646059043,2488.0,0.0
58000.0,3.16067,2.3495337358779378E-8,58000.0,57.599999999999994,14.597399249101656,58000.0,31472.0,40.43908819453809,4.103895487812536,4.093351256708791,4.0863462442146306,4.067763735429139,4.039588263384925,4.014510646870803,3.9882833548995023,3.9800648988074934,3.967503002090636,14600.0,5859.607495387383,2488.0,0.0
58500.0,3.178271,2.363864168938663E-8,58500.0,53.0,6.440105742586881,58500.0,31472.0,40.568531325442805,4.037791607478424,4.032685076603275,4.03014743928667,4.0244511773940195,4.024284429921192,4.015244861137833,3.991559846793932,3.9685985661800354,3.9650077577374527,9700.0,5231.156659860226,2488.0,0.0
59000.0,3.199241,2.380937584158447E-8,59000.0,51.800000000000004,3.720157243759794,59000.0,31472.0,39.458142076148434,4.056982208345835,4.051408385336491,4.034699941184382,4.030675460100262,4.007481313572079,4.0028242018451285,3.9764298171014754,3.891869285121288,3.853958657106976,18300.0,4915.790882452182,2488.0,0.0
59500.0,3.217066,2.3954503941867086E-8,59500.0,47.199999999999996,-5.284987317944716,59500.0,31472.0,39.090910602512174,4.088186879034309,4.081613556469354,4.076380236938833,4.060047417029022,3.9999564314932723,3.999245798862411,3.9571520537421914,3.9392697234191836,3.921599630629709,15700.0,5988.739433303139,2488.0,0.0
60000.0,3.23464,2.409758844309383E-8,60000.0,56.8,10.187110187110173,60000.0,31472.0,39.47471724124323,4.123071936862112,4.116760170168528,4.096181441210235,4.074798898410172,4.066799393648615,4.058575102601405,4.034535160834552,4.030812754116646,4.027160628048939,15700.0,6278.136666241027,2488.0,0.0
60500.0,3.252779,2.4245273077653513E-8,60500.0,53.0,4.978326971598625,60500.0,31472.0,40.107080598011585,4.166980325499359,4.157597020077334,4.154218332573103,4.136284252224738,4.11291226578182,4.09676204095767,4.09280449718198,4.088923327560406,4.08410474386025,16100.0,6339.163982734632,2488.0,0.0
61000.0,3.270607,2.4390425603422852E-8,61000.0,61.6,22.549415086728523,61000.0,31472.0,39.72088579884288,4.135212480974238,4.086949866377554,4.081664029312697,4.075217981413842,4.066565618979466,4.064234101446041,4.058392132748287,4.020123918731544,4.014317689240686,5600.0,3998.1245603407606,2488.0,0.0
61500.0,3.288787,2.453844405296776E-8,61500.0,49.6,-1.6063479775498304,61500.0,31472.0,38.60421603268754,4.01737224026064,4.015274782344759,4.014876346377876,4.0054416205641035,4.004409061612851,3.9933062547356855,3.9844701300668404,3.9706524188739474,3.958451479599508,18300.0,5631.607230622533,2488.0,0.0
62000.0,3.306532,2.4682920806937747E-8,62000.0,56.599999999999994,12.43503244342577,62000.0,31472.0,39.40035289762933,4.072887914190213,4.059099984821496,4.057709176649579,4.0356024826855625,4.000761053631192,3.997282389531791,3.992913558210325,3.983494758189192,3.978972087749406,16700.0,6656.951254140291,2488.0,0.0
62500.0,3.324016,2.4825272543562784E-8,62500.0,51.4,2.731522992186498,62500.0,31472.0,39.680190219216,4.15134231258843,4.1511268607119325,4.149736648520397,4.09685097068957,4.091161006389973,4.089420359240488,4.0781201122019795,4.068576952891246,4.042902138997241,19000.0,5824.517147369385,2488.0,0.0
63000.0,3.341566,2.4968161640895738E-8,63000.0,56.2,12.15262178294076,63000.0,31472.0,39.627033970812434,4.133736629953213,4.131758543885436,4.129541082895019,4.098880363863123,4.0982687165409475,4.080403838500941,4.080161150626423,4.067654202671808,4.065843006163644,19400.0,5904.235767650204,2488.0,0.0
63500.0,3.358988,2.5110008584128486E-8,63500.0,53.2,6.1160950714962175,63500.0,31472.0,40.32280520626042,4.1858793646386525,4.177982364185161,4.171023687774534,4.146998920516829,4.133707574842179,4.124506935785964,4.122604965607479,4.109268275057131,4.09398456595747,17600.0,7016.765636673352,2488.0,0.0
64000.0,3.377167,2.5258018891844484E-8,64000.0,52.6,-0.3047232097511185,64000.0,31472.0,39.894304807235244,4.122556913828137,4.11371663343005,4.083874987331793,4.080261716914366,4.051058982570187,4.039240796802738,4.034508923576174,4.005550972801277,3.9971615957871065,18000.0,7078.135347674555,2488.0,0.0
64500.0,3.394559,2.5399621580209996E-8,64500.0,52.400000000000006,1.1693575177728994,64500.0,31472.0,38.81633372923683,4.082924590265604,4.082845309783882,4.0795180299461276,4.078019164513022,4.072101635595047,4.060678881395287,4.048128106498831,4.017380105628144,4.012134528763988,12200.0,6528.016544096683,2488.0,0.0
65000.0,3.412071,2.5542201288044452E-8,65000.0,51.2,2.400000000000002,65000.0,31472.0,39.91271000816492,4.012779231780404,4.009244686993465,3.986188667182808,3.985020879947109,3.9744270087327864,3.959676630799495,3.9521197483026653,3.9343147566552026,3.897533680291717,18700.0,7043.791592601246,2488.0,0.0
65500.0,3.429608,2.5684984541601604E-8,65500.0,50.0,0.837722916798873,65500.0,31472.0,38.542124850856354,4.024097603971827,4.006603985033566,3.997550944024532,3.9973986497348695,3.994996892714353,3.9735684799900346,3.9444970677893765,3.8891937115347943,3.888295758311006,6500.000000000001,4772.315999596003,2488.0,0.0
66000.0,3.447714,2.583240049580733E-8,66000.0,56.599999999999994,5.355896720167463,66000.0,31472.0,40.15277109677443,3.9969861190088225,3.9886558998482324,3.9774481770496304,3.975089845513921,3.9695868644194516,3.9500951170251337,3.9348497168676326,3.9113629261901783,3.9058981172903557,12000.0,6808.08343074613,2488.0,0.0
66500.0,3.465219,2.597492321083943E-8,66500.0,53.0,4.393816110659085,66500.0,31472.0,39.17939042604957,4.038900446361871,4.031287474632212,4.028599360192658,4.019527368729426,4.019397356181105,3.9758336826129854,3.9687071258587245,3.9238980194956286,3.8729967706924437,13900.0,7706.166362076541,2488.0,0.0
67000.0,3.482418,2.6114954526225725E-8,67000.0,49.2,-1.6341490740888844,67000.0,31472.0,39.67558558658506,4.009153277600691,3.9930645332824204,3.981692130610285,3.9727732625682846,3.9680454366989735,3.94770138569062,3.9351940011875985,3.9100141723945607,3.8719499448111048,18800.0,7196.526940128829,2488.0,0.0
67500.0,3.500375,2.626115734792418E-8,67500.0,57.599999999999994,13.404352656689108,67500.0,31472.0,39.41172896404389,4.093434144365883,4.092846189821813,4.075786954185635,4.045481328776337,4.038913562166107,4.026988676328732,4.023849372200995,4.017048748191385,3.992898779844286,19200.0,7260.509623986459,2488.0,0.0
68000.0,3.5221,2.6438038580947454E-8,68000.0,54.800000000000004,7.8543936329832365,68000.0,31472.0,39.25204309406866,4.03760925879464,4.034800190583621,4.033173844257553,4.002828011621478,3.99391991846323,3.993502417751655,3.9930283873040975,3.9661223876831886,3.925133109335639,7200.0,6325.741063306338,2488.0,0.0
68500.0,3.539431,2.6579144617749588E-8,68500.0,53.800000000000004,6.5685164212910445,68500.0,31472.0,39.35985246013236,4.087485401068992,4.0825709204141365,4.056677034418957,4.0551399011389195,4.0376185381177025,4.032092408691065,4.030043612147152,4.0129963418555334,4.011941736385709,7900.0,6287.686378947346,2488.0,0.0
69000.0,3.556995,2.6722147700687253E-8,69000.0,55.2,10.067609886139186,69000.0,31472.0,40.26162274236604,4.155418204059357,4.144138855271542,4.133371581141751,4.118548247241118,4.115173621946405,4.063470641857517,4.062230377115746,4.015803801476425,4.011577326548735,13500.0,6848.357467305573,2488.0,0.0
69500.0,3.574506,2.6864719266692803E-8,69500.0,52.6,2.0628781116731116,69500.0,31472.0,38.56524130342162,4.06991155058566,4.06583592154635,4.0515864053654385,4.045896068165276,4.010857787803519,4.003796808339786,3.9782377599981356,3.9700674421894266,3.9444757544716564,20000.0,7387.489424696321,2488.0,0.0
70000.0,3.592079,2.7007795626090637E-8,70000.0,52.2,2.1101608833841174,70000.0,31472.0,39.30563180730542,4.1034257934163065,4.0851542943058545,4.080275987671385,4.079555846229858,4.079514024227197,4.075889161014189,4.059402556806677,4.046518445479969,4.0291284276106545,8900.0,6448.64326816114,2488.0,0.0
70500.0,3.609698,2.7151246509618235E-8,70500.0,46.800000000000004,-7.459117057720902,70500.0,31472.0,39.83919574927015,4.020891975993349,4.012752474311839,4.00542738790078,3.9804036155664684,3.9748411672824537,3.9580804108864593,3.953029087752548,3.9158855720183725,3.9110319505065774,20400.0,7378.007861204811,2488.0,0.0
71000.0,3.627416,2.729550343420771E-8,71000.0,51.4,-1.0714404551958303,71000.0,31472.0,40.127473713600736,3.9948627091482884,3.967878486252955,3.962706628059441,3.9607774209814948,3.9425453489917017,3.9400569480971224,3.933165324230743,3.932729828970641,3.9202295193223047,1800.0,830.6623862918074,2488.0,0.0
71500.0,3.649847,2.747813279843993E-8,71500.0,58.199999999999996,11.365564037319759,71500.0,31472.0,39.9942174249806,4.130047418079266,4.12083375836698,4.114712470765191,4.109653729157678,4.10450746622362,4.081366506834868,4.023606653330639,3.9993774759664964,3.9768360954788604,9500.0,6565.05902486794,2488.0,0.0
72000.0,3.669276,2.7636320392290756E-8,72000.0,49.8,-4.471896643580195,72000.0,31472.0,39.59605918736164,4.097934435699023,4.083182394216139,4.0645349194914155,4.050277535431572,4.044444224331961,4.031544849011125,4.0295362822852825,4.023305910619714,4.012159680032037,13500.0,7489.993324429603,2488.0,0.0
72500.0,3.686533,2.7776823933753707E-8,72500.0,54.0,6.377713011055578,72500.0,31472.0,39.863884796619246,4.171370630659254,4.1466072650844605,4.134979308953122,4.133213300957245,4.132558733408846,4.107503652592915,4.009192242455677,3.9949288478086196,3.9936165591833848,7400.0,5117.128100800292,2488.0,0.0
73000.0,3.703843,2.7917758992148774E-8,73000.0,50.8,-1.1796061398746285,73000.0,31472.0,39.00326475230976,4.058134402789913,4.0511480351942,4.045954951833004,4.039557977682112,4.020772432617699,4.014455018533287,4.0087681838306075,4.006894584461934,3.9977226993405903,14600.0,7400.0,2488.0,0.0
73500.0,3.721193,2.8059019723700155E-8,73500.0,55.00000000000001,5.312594687405323,73500.0,31472.0,38.953086385447925,4.095821567495151,4.076880187701407,4.070737436637084,4.050211495907663,4.048692283967763,4.0344576622297605,4.021171151246834,4.016970028139005,4.014315239993624,15600.0,7206.594202534231,2488.0,0.0
74000.0,3.738464,2.8199637250767818E-8,74000.0,53.400000000000006,5.124112320020864,74000.0,31472.0,39.445150575389164,4.095898596121527,4.08141261515282,4.051220950578009,4.020184712558737,3.9944713921876205,3.989870933499199,3.9722803757131637,3.9490110748916325,3.9090998848861402,15900.0,7296.231904209185,2488.0,0.0
74500.0,3.755747,2.834035247978237E-8,74500.0,50.8,1.7556190993466392,74500.0,31472.0,38.87559373546636,4.041617308883958,4.029966211197469,4.023766084020715,4.0156531942593725,4.012872621784255,3.9976815609895624,3.97731222097128,3.9705047216948253,3.945803211439894,15700.0,7590.454531844584,2488.0,0.0
75000.0,3.773011,2.8480913014047678E-8,75000.0,54.0,7.076714232615257,75000.0,31472.0,40.12315024681069,4.178846889509369,4.17263102685909,4.163804420219131,4.163420175971331,4.144043140481198,4.129655947708919,4.080149249132863,4.052239523342935,4.051376966294738,15900.0,7728.842086625912,2488.0,0.0
75500.0,3.790893,2.8626505198578043E-8,75500.0,51.0,3.207964601769918,75500.0,31472.0,39.40089315086365,4.044304645708774,4.027724636339114,4.0213286598597895,3.9804480817745875,3.9623347171062657,3.9425499683407486,3.939525563935395,3.91063276092291,3.8430757365441752,16200.0,7824.00153374218,2488.0,0.0
76000.0,3.809195,2.8775516951249708E-8,76000.0,53.800000000000004,7.662051101659692,76000.0,31472.0,39.77111989556238,4.075996859800374,4.072620128659864,4.058365625671261,4.05188117239905,4.042373752178608,4.001370803117189,3.9594460347268403,3.933298049944334,3.9206445728390227,16600.0,7874.642849044012,2488.0,0.0
76500.0,3.826865,2.8919383068051605E-8,76500.0,53.6,5.1605729609523285,76500.0,31472.0,39.834763058034504,4.0617763694819,4.053121016574039,4.036647800342673,4.035828587213431,4.029184377214124,4.027177649233489,4.018034533331138,4.004044770745334,3.8454340214873333,17500.0,7718.484307168085,2488.0,0.0
77000.0,3.844428,2.906237800916036E-8,77000.0,54.400000000000006,7.884742804505559,77000.0,31472.0,39.544336723714345,4.070140400896793,4.061747550056808,4.0527460627922105,4.0171912965396155,4.007510681727373,4.0032626956156125,3.9958602148755253,3.9542208831135204,3.9538819724926735,9600.0,5732.364259186605,2488.0,0.0
77500.0,3.86188,2.9204469207260345E-8,77500.0,57.8,11.284897410023536,77500.0,31472.0,40.1346910375694,4.100717946557194,4.098714805619819,4.098256836296339,4.079822460710932,4.062234207936708,4.04397861084302,4.0273395271363315,4.022121510518156,3.97323278543304,10000.0,5772.7809589486415,2488.0,0.0
78000.0,3.879156,2.9345127443472547E-8,78000.0,50.2,-3.8573192298708814,78000.0,31472.0,40.29663612429631,4.143898529550705,4.130698021492696,4.114932063941921,4.098355466398061,4.064164956186447,4.047759857699471,4.040543889611461,4.036317092920698,4.017941524836816,18200.0,7774.316690230723,2488.0,0.0
78500.0,3.89692,2.9489758892191785E-8,78500.0,55.2,10.02570694087403,78500.0,31472.0,40.77826204007296,4.137822853291183,4.134184458462319,4.105442788622,4.05743437539581,4.048511658749268,4.026427822313524,4.0239300267827,3.9928493265984244,3.9685952639907653,17500.0,8318.653737234168,2488.0,0.0
79000.0,3.918386,2.966453139152792E-8,79000.0,53.6,6.603758393584636,79000.0,31472.0,40.910665544687234,4.16564567097465,4.157349215103307,4.150464439532782,4.146015819911206,4.109597462071161,4.0712219997208114,4.061833304196105,4.043814284364982,4.040907448477435,18400.0,8136.952746575342,2488.0,0.0
79500.0,3.939532,2.983669850561354E-8,79500.0,56.8,13.59999999999999,79500.0,31472.0,39.977375692605165,4.098684436310932,4.096248283195074,4.063047107301387,4.0076933510309685,3.9940579026497502,3.99402633337217,3.986305764570339,3.9555600319128468,3.874771408793251,18800.0,8192.37450315841,2488.0,0.0
80000.0,3.963367,3.00307589976324E-8,80000.0,54.400000000000006,9.408773045136694,80000.0,31472.0,40.240149557314375,4.137192026270948,4.125365755606464,4.1232512390446585,4.114020045105792,4.058073017529713,4.047018637421366,4.024796917447666,3.984896678184197,3.9656134770154314,19200.0,8248.636250920512,2488.0,0.0
80500.0,3.985907,3.021427582121558E-8,80500.0,53.0,5.852376526393389,80500.0,31472.0,40.47734401054483,4.128676148466307,4.123724385082269,4.10741368550265,4.070056023061455,4.057246988960535,4.039818619343169,4.0189026648289055,4.009334646078179,3.9862479143804683,19600.0,8305.720919944277,2488.0,0.0
81000.0,4.011436,3.042212857140436E-8,81000.0,54.6,8.34948320413438,81000.0,31472.0,40.294851586375884,4.180878036769232,4.173379018121051,4.166219700748598,4.163330138016066,4.133831162019927,4.130050999459592,4.082031665410532,4.049610381208125,3.9531954570427317,20000.0,8363.611660042567,2488.0,0.0
81500.0,4.03216,3.059085983369086E-8,81500.0,58.199999999999996,16.39999999999999,81500.0,31472.0,40.570065504236005,4.142239462969641,4.1349230050401,4.116381429559864,4.085610560175374,4.025971251644626,3.9981289491479584,3.9970777592407076,3.991408186475517,3.941799326867811,20400.0,8422.29184960958,2488.0,0.0
82000.0,4.051684,3.074982090128793E-8,82000.0,57.99999999999999,15.955624569772825,82000.0,31472.0,42.11731223889042,4.264014343635354,4.255774964857421,4.243475214634286,4.239598380142785,4.214987350138478,4.170998770059766,4.092839894894901,4.092147785039052,4.024857705984239,20800.0,8481.745103456009,2488.0,0.0
82500.0,4.071246,3.09090913583835E-8,82500.0,56.00000000000001,11.380371557933069,82500.0,31472.0,39.78692783881577,4.091065556130888,4.089398025977489,4.078554757148086,4.071051490760174,4.041780411379737,4.013479859661915,3.9948324529359147,3.988078860066387,3.901185462176917,21200.0,8541.955279676895,2488.0,0.0
83000.0,4.090774,3.1068084993296205E-8,83000.0,52.400000000000006,3.884985057749785,83000.0,31472.0,40.04973522460135,4.140056808106274,4.138024266947978,4.135692110679469,4.132349818831594,4.051338689565123,4.0318790723406766,4.019663504143022,4.012047598647659,3.944031611334186,21600.0,8602.906485601246,2488.0,0.0
83500.0,4.110631,3.122975728991959E-8,83500.0,54.400000000000006,8.131195100330418,83500.0,31472.0,40.81842372037778,4.180414121088758,4.179480777133735,4.169528257992669,4.16221383652995,4.126620284896217,4.1143991372616995,4.088659059379938,4.065246779395812,4.03727648442661,22000.0,8664.583082872481,2488.0,0.0
84000.0,4.133741,3.1417914955980253E-8,84000.0,59.0,16.019401566545397,84000.0,31472.0,42.128585791160745,4.238621529224539,4.224235436686912,4.214802437791896,4.211991680292419,4.211619030663649,4.201541709812123,4.165230391097868,4.1319312722908546,4.015922133815971,19100.0,9753.717240109023,2488.0,0.0
84500.0,4.156981,3.1607131059798936E-8,84500.0,60.0,20.021754082889455,84500.0,31472.0,40.00958738894495,4.126244452004466,4.106525617921949,4.105395589564814,4.097055156282283,4.091569820400542,4.054393403765758,4.045693335996434,4.036218660859379,3.9566510012658265,19400.0,9848.096262730172,2488.0,0.0
85000.0,4.179793,3.179286246084505E-8,85000.0,55.400000000000006,10.682815854400985,85000.0,31472.0,40.399769084863436,4.143302870927345,4.138042175643495,4.113731253205093,4.11095470752172,4.108551080610228,4.068574570986137,4.064610174013198,4.01776799775304,3.9967508279154997,13800.0,7130.217387990355,2488.0,0.0
85500.0,4.202433,3.1977193467319017E-8,85500.0,64.4,28.676753429926922,85500.0,31472.0,42.77844263379959,4.376150419703749,4.310923210019296,4.271376118432525,4.267432848159792,4.266873134344182,4.249929038450711,4.236240527146748,4.233132479101828,4.232882544881679,10700.0,7554.137938904743,2488.0,0.0
86000.0,4.22516,3.2162232812907963E-8,86000.0,63.800000000000004,27.24378557417114,86000.0,31472.0,41.41570632658498,4.252116762246508,4.241451770754363,4.238459525350759,4.215795774124372,4.211773483074402,4.210689541288141,4.208063266227994,4.1659619724887005,4.160100575827949,11100.0,7588.4781082902255,2488.0,0.0
86500.0,4.247836,3.234685692522261E-8,86500.0,65.60000000000001,30.577978689053925,86500.0,31472.0,41.142445818719025,4.379217244224283,4.363097753041308,4.3585695584775355,4.346016863928067,4.30345027475486,4.276875584851185,4.275206426951025,4.243511634677428,4.130805433291295,1600.0,367.42346141747674,2488.0,0.0
87000.0,4.268481,3.2514944983025396E-8,87000.0,54.800000000000004,9.600000000000009,87000.0,31472.0,39.98598926843399,4.185981692948968,4.171754111387134,4.166853729605347,4.166442334508935,4.134426873410285,4.116213037284221,4.115641339626375,4.062194545279402,4.012922178527047,23700.0,8903.089351455483,2488.0,0.0
87500.0,4.292523,3.271069083362818E-8,87500.0,60.4,20.23719363831193,87500.0,31472.0,42.178893940159526,4.234277976259582,4.231480280725046,4.206007111645723,4.203690971921988,4.20198782863549,4.194065281421753,4.181434341905043,4.18048410178745,4.101274383176325,14700.0,7514.319663149818,2488.0,0.0
88000.0,4.312531,3.2873592546416656E-8,88000.0,56.2,10.154583347008435,88000.0,31472.0,40.613219939866916,4.217573806498412,4.215761321478155,4.2094944000681345,4.20826728994324,4.205152121713023,4.197133620178577,4.196759978853857,4.180331054483665,4.154746374102448,11800.0,7851.1145705562085,2488.0,0.0
88500.0,4.330159,3.301711670640442E-8,88500.0,58.8,15.219359618075545,88500.0,31472.0,40.451007903182344,4.218135582392551,4.170999118865529,4.145928878370386,4.144364068279143,4.1438505836607495,4.143244756801584,4.135109876676818,4.121697690994212,4.116887677899157,4300.0,2222.611077089287,2488.0,0.0
89000.0,4.348141,3.3163523073825574E-8,89000.0,53.800000000000004,8.20219360991893,89000.0,31472.0,43.213337599473086,4.256195565375153,4.256025065513368,4.23644017768459,4.220503036517333,4.1906863125896585,4.189189474450381,4.12917227040288,4.090407652508466,4.088420408947314,15300.0,7682.122102648459,2488.0,0.0
89500.0,4.365681,3.330633075286945E-8,89500.0,60.6,20.832663558913357,89500.0,31472.0,43.59229892329872,4.4675386118411025,4.405366464112031,4.395288658522235,4.373368430860809,4.3636173155704565,4.360741949861411,4.352912836638208,4.279211766275617,4.261270329844008,1800.0,538.5164807134504,2488.0,0.0
90000.0,4.383409,3.3450669095748005E-8,90000.0,63.6,27.325581395348834,90000.0,31472.0,43.22095534137782,4.46619278342297,4.465443022186079,4.427791459890271,4.393065733559213,4.3732757077619935,4.364153102223066,4.351203241921997,4.342558061985003,4.338010156425455,4200.0,2482.941803587027,2488.0,0.0
90500.0,4.400942,3.3593419781989525E-8,90500.0,65.2,29.383116883116887,90500.0,31472.0,43.77904286809371,4.609582910997788,4.4961295510877575,4.495286304461388,4.49184739385317,4.489850773308352,4.470533539865635,4.451624451989648,4.351844096153612,4.3318147353978285,1900.0,533.8539126015655,2488.0,0.0
91000.0,4.419619,3.374548472050164E-8,91000.0,61.0,21.872495913330546,91000.0,31472.0,43.8164188101093,4.5392701967760205,4.537937239893051,4.470151672836536,4.414151688383562,4.401526540558071,4.401010834137156,4.33372428681001,4.297800937430257,4.297522349586545,2300.0,604.1522986797286,2488.0,0.0
91500.0,4.437715,3.389281925641829E-8,91500.0,59.199999999999996,18.210247774837608,91500.0,31472.0,41.29337088566752,4.1790712123357,4.148973484675473,4.137055656497461,4.135531590690169,4.134555286801334,4.125028636468354,4.105623243011183,4.09517412171225,4.067995902294874,8200.0,3713.4889255254284,2488.0,0.0
92000.0,4.456392,3.4044884194930406E-8,92000.0,64.0,28.02878848460616,92000.0,31472.0,43.27847971240173,4.424078062237805,4.423275458633545,4.402250454852715,4.381117444750036,4.366371193999314,4.307860421306631,4.294786627901474,4.293443518804147,4.282964246682514,5500.0,2474.8737341529163,2488.0,0.0
92500.0,4.474976,3.419619194335409E-8,92500.0,67.0,34.10332598485575,92500.0,31472.0,40.68430961657354,4.279737814775531,4.269462381760279,4.269320620599725,4.222548535783611,4.216600424667138,4.212149527897967,4.205024532053382,4.189048564661205,4.172539431016287,8900.0,3746.331538985838,2488.0,0.0
93000.0,4.493479,3.4346840203636235E-8,93000.0,66.0,31.852802052433265,93000.0,31472.0,42.41507821191095,4.355756897671935,4.30871016053016,4.305849699139436,4.281729303093724,4.281098661323409,4.2401107295674665,4.204670085161481,4.203959827346504,4.193226912181804,5400.0,2799.107000455681,2488.0,0.0
93500.0,4.511303,3.449196016208994E-8,93500.0,60.4,20.845592938467433,93500.0,31472.0,42.69936208122775,4.326283393093474,4.30989366262606,4.307966890865841,4.305801161303898,4.264940835166556,4.260908721561209,4.260646429990969,4.2370072270967345,4.235008230448356,6500.0,2659.8872156540774,2488.0,0.0
94000.0,4.52903,3.463629036313959E-8,94000.0,61.4,22.750560358629524,94000.0,31472.0,41.29540496490249,4.166287494144483,4.165193233227788,4.164742474781795,4.163054085759261,4.140158987764756,4.129701280215582,4.099661841189962,4.092529073379705,4.078955425941662,6100.0,2930.017064796722,2488.0,0.0
94500.0,4.546366,3.477743710908626E-8,94500.0,61.199999999999996,22.845643562781362,94500.0,31472.0,43.56779811824383,4.377011410158144,4.362665418260851,4.353309750627199,4.333478994402026,4.25867727683847,4.258636773199459,4.250051289787544,4.2438434521783694,4.23045757372772,6500.0,2979.0938219532463,2488.0,0.0
95000.0,4.563942,3.492053789397082E-8,95000.0,64.60000000000001,29.13877590237966,95000.0,31472.0,42.860268251369426,4.343039119888813,4.332893149792373,4.332321450030892,4.3221584773372665,4.277615278345868,4.2759354037555966,4.26907116035236,4.255581351789238,4.242827534211523,6900.0,3030.6764921383474,2488.0,0.0
95500.0,4.581403,3.506270236853098E-8,95500.0,64.2,28.367908823152778,95500.0,31472.0,41.162887358447726,4.2689115160075115,4.263914618695107,4.261933799451079,4.245766959867857,4.244007021948909,4.239044492331968,4.209609508068524,4.205755142922843,4.1791908189373,6900.0,3245.7664734234963,2488.0,0.0
96000.0,4.598896,3.520512738161618E-8,96000.0,60.6,21.222687865894624,96000.0,31472.0,45.16199870747346,4.529504815451273,4.523931841124322,4.520576144831067,4.5052800683879655,4.502888413204939,4.478582143051051,4.44001127059297,4.413295755914995,4.411078137545585,8100.0,3030.6764921383474,2488.0,0.0
96500.0,4.616267,3.534655909157463E-8,96500.0,68.2,35.558653783801326,96500.0,31472.0,43.77650386971102,4.510088728850552,4.509064671415185,4.500149606071851,4.479446134235604,4.474536470434607,4.4625451612156875,4.446053786746205,4.412545337231758,4.304795253774336,4200.0,1707.3371078963871,2488.0,0.0
97000.0,4.634222,3.549274562961527E-8,97000.0,64.0,26.446551160509973,97000.0,31472.0,44.25374646256877,4.455962650236216,4.436789215535287,4.4360238536005445,4.430878424948283,4.403222165919639,4.390859133399705,4.38101020986165,4.37944844136666,4.312920503350896,4600.0,1763.5192088548397,2488.0,0.0
97500.0,4.651558,3.563389237556194E-8,97500.0,66.4,32.749427569532294,97500.0,31472.0,45.02476815333988,4.610027042945541,4.609279827546018,4.584907055905309,4.5833864286669925,4.565348917240859,4.564468691316399,4.549572475409861,4.547184288686664,4.471905220557034,4400.0,1996.246477767713,2488.0,0.0
98000.0,4.669012,3.577599985731974E-8,98000.0,63.2,26.169649305834202,98000.0,31472.0,45.07533703785553,4.578096827443746,4.531775766182455,4.529156742918079,4.508169982888457,4.470066594651372,4.450435241588993,4.4239652141879935,4.379916264672981,4.375279566528599,5300.0,1901.3153341831542,2488.0,0.0
98500.0,4.686256,3.5916397555006884E-8,98500.0,62.2,24.4725063938619,98500.0,31472.0,41.579201972913644,4.296652582717394,4.293824719634,4.290264427909587,4.289464616442571,4.288785707020591,4.255635580473933,4.203080280386889,4.202081191803842,4.170229089367262,7600.0,3400.0,2488.0,0.0
99000.0,4.703709,3.6058496894935774E-8,99000.0,61.8,23.587774043847016,99000.0,31472.0,45.02091738321351,4.550458190968843,4.463777548064906,4.4503379565238355,4.442286885861081,4.414042593837641,4.401482131879463,4.385613333876792,4.381082732532862,4.377404157634032,5300.0,3710.12129181783,2488.0,0.0
99500.0,4.721516,3.620347844229805E-8,99500.0,64.2,27.90862518929021,99500.0,31472.0,46.65960464337432,4.6875795164843455,4.681546387210526,4.6509089017104595,4.642277342601026,4.622719166394018,4.616769247801238,4.597702643618065,4.581317245838163,4.576641183148139,5400.0,2164.486082191336,2488.0,0.0
100000.0,4.739493,3.634984410057466E-8,100000.0,63.6,26.852402617237107,100000.0,31472.0,45.03868452519151,4.60130324527301,4.586703258175093,4.579849994284935,4.579079975084282,4.574052044795577,4.536732120784115,4.526441803310731,4.505387084142811,4.504231651488928,6400.0,2039.607805437114,2488.0,0.0
