learning evaluation instances,evaluation time (cpu seconds),model cost (RAM-Hours),classified instances,classifications correct (percent),Kappa Statistic (percent),model training instances,model serialized size (bytes),member weight 1,member weight 2,member weight 3
500.0,0.059977,2.1201189193460678E-10,500.0,85.2,70.36206344120474,500.0,13664.0,1.0,1.0,0.5
1000.0,0.096158,3.622219835718473E-10,1000.0,91.60000000000001,82.97196049494835,1000.0,16048.0,1.0,1.0,0.5,0.25
1500.0,0.118421,4.683802401026091E-10,1500.0,92.60000000000001,85.17628205128206,1500.0,18432.0,1.0,1.0,0.5,0.25,0.5
2000.0,0.151241,6.451196844379108E-10,2000.0,93.4,86.80000000000001,2000.0,20816.0,1.0,1.0,0.5,0.25,0.5,1.0
2500.0,0.184545,8.2446552399132E-10,2500.0,93.60000000000001,87.20266184633597,2500.0,20816.0,1.0,1.0,0.5,0.25,0.5,1.0
3000.0,0.209719,9.910821376575365E-10,3000.0,92.4,84.75609756097562,3000.0,25584.0,1.0,1.0,0.5,0.25,0.5,0.5,0.5,0.5
3500.0,0.233985,1.151689063343737E-9,3500.0,92.2,84.40499040307103,3500.0,25584.0,1.0,1.0,0.5,0.25,0.5,0.5,0.5,0.5
4000.0,0.256969,1.317986154721843E-9,4000.0,91.60000000000001,83.20725446607067,4000.0,27968.0,1.0,1.0,0.5,0.25,0.25,0.5,0.5,0.5,1.0
4500.0,0.276502,1.4713609135813185E-9,4500.0,93.4,86.66257113295397,4500.0,30352.0,1.0,1.0,0.5,0.25,0.25,0.5,0.25,0.25,1.0,1.0
5000.0,0.299547,1.6665250228510963E-9,5000.0,91.8,83.58161140477335,5000.0,32736.0,1.0,1.0,0.5,0.25,0.25,0.5,0.25,0.25,1.0,1.0,0.5
5500.0,0.336322,2.0233275327417586E-9,5500.0,91.60000000000001,83.2,5500.0,37504.0,0.5,0.5,0.25,0.125,0.125,0.25,0.125,0.125,1.0,0.5,0.25,1.0,1.0
6000.0,0.366114,2.3123788005775874E-9,6000.0,93.2,86.4,6000.0,37504.0,0.5,0.5,0.25,0.0625,0.0625,0.25,0.125,0.125,0.5,0.25,0.25,1.0,1.0
6500.0,0.39208,2.564309024148517E-9,6500.0,92.60000000000001,85.18815052041634,6500.0,37504.0,1.0,1.0,0.5,0.125,0.0625,0.5,0.25,0.25,0.5,0.25,0.25,1.0,1.0
7000.0,0.419905,2.8342758450243206E-9,7000.0,93.0,85.99596683844948,7000.0,37504.0,1.0,1.0,0.5,0.125,0.0625,0.5,0.25,0.25,0.5,0.25,0.25,1.0,1.0
7500.0,0.448822,3.1326719332072466E-9,7500.0,93.8,87.56976967986141,7500.0,39888.0,1.0,1.0,0.5,0.125,0.0625,1.0,0.25,0.25,0.5,0.25,0.25,1.0,1.0,0.25
8000.0,0.477191,3.4254131797287197E-9,8000.0,92.60000000000001,85.19952638484433,8000.0,39888.0,1.0,1.0,0.5,0.125,0.0625,1.0,0.25,0.25,0.5,0.25,0.25,0.5,0.5,0.25
8500.0,0.504632,3.7255023750993935E-9,8500.0,92.0,83.98334267638344,8500.0,42272.0,1.0,1.0,0.5,0.125,0.0625,1.0,0.25,0.25,0.5,0.25,0.25,0.5,0.5,0.25,1.0
9000.0,0.527487,3.975440007117059E-9,9000.0,91.8,83.36902907580478,9000.0,42272.0,1.0,1.0,0.5,0.125,0.0625,1.0,0.25,0.25,0.5,0.25,0.25,0.5,0.5,0.25,1.0
9500.0,0.550003,4.221670404076576E-9,9500.0,94.19999999999999,88.3996287881212,9500.0,42272.0,1.0,1.0,0.5,0.125,0.0625,1.0,0.25,0.25,0.5,0.25,0.25,0.5,0.5,0.25,1.0
10000.0,0.572421,4.466829092966185E-9,10000.0,93.0,85.91209145065208,10000.0,42272.0,1.0,1.0,0.5,0.125,0.0625,1.0,0.25,0.25,0.5,0.25,0.125,0.25,0.25,0.125,0.5
10500.0,0.594695,4.710413027140829E-9,10500.0,90.4,80.76337346307369,10500.0,42272.0,1.0,1.0,0.5,0.125,0.0625,1.0,0.25,0.25,0.5,0.25,0.125,0.25,0.25,0.125,0.5
11000.0,0.622926,5.036552759508292E-9,11000.0,90.0,79.99711958522028,11000.0,44656.0,1.0,1.0,0.5,0.125,0.0625,1.0,0.25,0.25,0.5,0.25,0.125,0.25,0.25,0.125,0.5,0.25
11500.0,0.651362,5.365060762398773E-9,11500.0,92.60000000000001,85.19905273937532,11500.0,44656.0,1.0,1.0,0.5,0.125,0.0625,1.0,0.25,0.25,0.5,0.25,0.125,0.25,0.25,0.125,0.5,0.25
12000.0,0.675583,5.64487481282817E-9,12000.0,92.60000000000001,85.19905273937532,12000.0,44656.0,1.0,1.0,0.5,0.125,0.0625,1.0,0.25,0.25,0.5,0.25,0.125,0.25,0.25,0.125,0.5,0.25
12500.0,0.699646,5.922863562073973E-9,12500.0,91.8,83.58844626617139,12500.0,44656.0,1.0,1.0,0.5,0.125,0.0625,1.0,0.25,0.25,0.5,0.25,0.125,0.25,0.25,0.125,0.5,0.25
13000.0,0.722689,6.189068721400367E-9,13000.0,92.4,84.79732432908193,13000.0,44656.0,1.0,1.0,0.5,0.125,0.0625,1.0,0.25,0.25,0.5,0.25,0.125,0.25,0.25,0.125,0.5,0.25
13500.0,0.753996,6.605429479645359E-9,13500.0,90.60000000000001,81.14569961489089,13500.0,51408.0,0.25,0.25,0.125,0.03125,0.015625,1.0,0.125,0.125,0.25,0.125,0.0625,0.125,0.125,0.0625,0.25,0.25,1.0,0.25,1.0
14000.0,0.788004,7.100715715852049E-9,14000.0,91.60000000000001,83.11924245590909,14000.0,56296.0,0.25,0.25,0.125,0.03125,0.015625,1.0,0.125,0.125,0.25,0.125,0.0625,0.125,0.125,0.0625,0.25,0.25,1.0,0.25,1.0,1.0,1.0
14500.0,0.818638,7.549082649250825E-9,14500.0,93.2,86.39891191295305,14500.0,56576.0,0.25,0.25,0.125,0.03125,0.015625,1.0,0.125,0.125,0.25,0.125,0.0625,0.125,0.125,0.0625,0.25,0.25,1.0,0.25,1.0,1.0,1.0
15000.0,0.845217,7.938099582162168E-9,15000.0,89.8,79.60130551644696,15000.0,56576.0,0.25,0.25,0.125,0.03125,0.015625,1.0,0.125,0.125,0.25,0.125,0.0625,0.125,0.125,0.0625,0.25,0.25,0.5,0.125,0.5,1.0,1.0
15500.0,0.871888,8.32846305022637E-9,15500.0,90.60000000000001,81.19819502672256,15500.0,56576.0,0.25,0.25,0.125,0.03125,0.015625,1.0,0.125,0.125,0.25,0.125,0.0625,0.125,0.125,0.0625,0.25,0.25,0.5,0.125,0.5,1.0,1.0
16000.0,0.901717,8.765047801037628E-9,16000.0,91.2,82.38308776425369,16000.0,56576.0,0.25,0.25,0.125,0.03125,0.015625,1.0,0.125,0.125,0.25,0.125,0.0625,0.125,0.125,0.0625,0.25,0.25,0.5,0.125,0.5,1.0,1.0
16500.0,0.932508,9.253692862888176E-9,16500.0,90.2,80.3974908788325,16500.0,61344.0,1.0,1.0,0.5,0.125,0.0625,1.0,0.125,0.125,0.25,0.125,0.0625,0.125,0.125,0.0625,0.25,0.25,0.5,0.125,0.5,1.0,1.0,1.0,1.0
17000.0,0.965402,9.813903520504631E-9,17000.0,91.0,81.97750792989652,17000.0,65832.0,1.0,1.0,0.5,0.125,0.0625,1.0,0.125,0.125,0.25,0.125,0.0625,0.125,0.125,0.0625,0.25,0.25,0.5,0.125,0.5,0.5,1.0,0.5,0.5,0.5,1.0
17500.0,0.99792,1.0370066083139841E-8,17500.0,93.0,85.99103426192765,17500.0,66112.0,1.0,1.0,0.5,0.125,0.0625,1.0,0.125,0.125,0.25,0.125,0.0625,0.125,0.125,0.0625,0.25,0.25,0.5,0.125,0.5,0.5,1.0,0.5,0.5,0.5,0.5
18000.0,1.030001,1.0918754537900287E-8,18000.0,92.4,84.74900065820104,18000.0,66112.0,1.0,1.0,0.5,0.125,0.0625,1.0,0.125,0.125,0.25,0.125,0.0625,0.125,0.125,0.0625,0.25,0.25,0.5,0.125,0.5,0.5,1.0,0.5,0.5,0.5,0.5
18500.0,1.062815,1.1500217442711193E-8,18500.0,93.4,86.79408374951979,18500.0,68496.0,1.0,1.0,0.5,0.125,0.0625,1.0,0.125,0.125,0.25,0.125,0.0625,0.125,0.125,0.0625,0.25,0.25,0.5,0.125,0.5,0.5,1.0,0.25,0.25,0.25,0.25,1.0
19000.0,1.097062,1.2149316217336389E-8,19000.0,92.60000000000001,85.18672730766768,19000.0,73264.0,0.5,0.5,0.25,0.0625,0.03125,0.5,0.0625,0.0625,0.125,0.0625,0.03125,0.0625,0.0625,0.03125,0.125,0.125,0.25,0.0625,0.25,0.25,0.5,0.125,0.125,0.125,0.25,1.0,0.5,1.0
19500.0,1.137213,1.2910316156016455E-8,19500.0,93.2,86.33769991159689,19500.0,73264.0,0.5,0.5,0.25,0.0625,0.03125,0.5,0.0625,0.0625,0.125,0.0625,0.03125,0.0625,0.0625,0.03125,0.125,0.125,0.25,0.0625,0.25,0.25,0.5,0.125,0.125,0.125,0.25,1.0,0.5,1.0
20000.0,1.173727,1.3644776936206553E-8,20000.0,92.4,84.68161955592822,20000.0,77752.0,0.25,0.25,0.125,0.03125,0.015625,0.25,0.03125,0.03125,0.0625,0.03125,0.015625,0.03125,0.03125,0.015625,0.0625,0.0625,0.125,0.03125,0.125,0.125,0.25,0.125,0.125,0.125,0.25,0.5,0.5,1.0,1.0,1.0
20500.0,1.214856,1.4272117333279716E-8,20500.0,75.0,50.07030101616924,20500.0,58960.0,0.0625,0.0625,0.03125,0.0625,0.015625,0.015625,0.015625,0.03125,0.03125,0.03125,0.0625,0.03125,0.03125,0.03125,0.0625,0.125,0.125,0.25,0.5,0.5,1.0,1.0,?,?,?,?,?,?,?,?
21000.0,1.242869,1.4699399458865325E-8,21000.0,82.0,63.968292097045385,21000.0,58960.0,0.125,0.125,0.0625,0.125,0.03125,0.03125,0.03125,0.0625,0.0625,0.0625,0.125,0.0625,0.0625,0.0625,0.125,0.25,0.25,0.5,1.0,1.0,1.0,1.0,?,?,?,?,?,?,?,?
21500.0,1.267771,1.4971722666588096E-8,21500.0,89.8,79.57778062532034,21500.0,42272.0,0.015625,0.015625,0.015625,0.015625,0.015625,0.015625,0.015625,0.03125,0.0625,0.0625,0.125,1.0,1.0,1.0,1.0,?,?,?,?,?,?,?,?,?,?,?,?,?,?,?
22000.0,1.288764,1.51365614682436E-8,22000.0,86.8,73.5492144918243,22000.0,30352.0,0.015625,0.03125,0.03125,0.0625,1.0,1.0,1.0,1.0,0.25,0.5,?,?,?,?,?,?,?,?,?,?,?,?,?,?,?,?,?,?,?,?
22500.0,1.301889,1.5223430581390857E-8,22500.0,89.0,77.99366217470632,22500.0,25584.0,0.03125,0.0625,1.0,1.0,1.0,1.0,0.125,0.25,?,?,?,?,?,?,?,?,?,?,?,?,?,?,?,?,?,?,?,?,?,?
23000.0,1.316264,1.5327438616918192E-8,23000.0,89.0,78.0035194368901,23000.0,27968.0,0.015625,0.03125,1.0,1.0,1.0,1.0,0.125,0.25,0.5,?,?,?,?,?,?,?,?,?,?,?,?,?,?,?,?,?,?,?,?,?
23500.0,1.328456,1.5400613252487448E-8,23500.0,85.6,71.08573080815383,23500.0,23200.0,0.5,1.0,1.0,1.0,0.125,0.25,0.25,?,?,?,?,?,?,?,?,?,?,?,?,?,?,?,?,?,?,?,?,?,?,?
24000.0,1.340772,1.5482127918965288E-8,24000.0,86.4,72.79869433732819,24000.0,25584.0,0.5,1.0,1.0,1.0,0.125,0.25,0.25,1.0,?,?,?,?,?,?,?,?,?,?,?,?,?,?,?,?,?,?,?,?,?,?
24500.0,1.352796,1.5561709954506824E-8,24500.0,86.4,72.81739686600575,24500.0,25584.0,0.5,1.0,1.0,1.0,0.125,0.25,0.125,0.5,?,?,?,?,?,?,?,?,?,?,?,?,?,?,?,?,?,?,?,?,?,?
25000.0,1.368339,1.5683754897779893E-8,25000.0,88.6,77.15174448435094,25000.0,30352.0,0.5,1.0,1.0,1.0,0.125,0.25,0.125,0.25,1.0,1.0,?,?,?,?,?,?,?,?,?,?,?,?,?,?,?,?,?,?,?,?
25500.0,1.384036,1.5836052083306845E-8,25500.0,88.4,76.70794981767948,25500.0,37504.0,0.25,0.5,0.5,0.5,0.0625,0.125,0.0625,0.125,0.5,0.25,1.0,1.0,1.0,?,?,?,?,?,?,?,?,?,?,?,?,?,?,?,?,?
26000.0,1.403905,1.6053335426582232E-8,26000.0,84.2,68.41111928601131,26000.0,42272.0,0.5,1.0,1.0,1.0,0.125,0.25,0.125,0.25,1.0,0.5,1.0,1.0,1.0,1.0,1.0,?,?,?,?,?,?,?,?,?,?,?,?,?,?,?
26500.0,1.427077,1.6321030863457258E-8,26500.0,86.0,71.92813602823227,26500.0,44656.0,1.0,1.0,1.0,1.0,0.125,0.25,0.125,0.25,1.0,0.5,1.0,1.0,1.0,1.0,1.0,1.0,?,?,?,?,?,?,?,?,?,?,?,?,?,?
27000.0,1.451571,1.6603998757070968E-8,27000.0,87.8,75.61560601215223,27000.0,44656.0,1.0,1.0,1.0,1.0,0.125,0.25,0.125,0.25,1.0,0.5,1.0,1.0,1.0,1.0,1.0,1.0,?,?,?,?,?,?,?,?,?,?,?,?,?,?
27500.0,1.47563,1.6911617712014254E-8,27500.0,89.4,78.77962844330557,27500.0,49424.0,1.0,1.0,1.0,1.0,0.125,0.25,0.125,0.25,1.0,0.5,1.0,1.0,1.0,1.0,1.0,1.0,1.0,1.0,?,?,?,?,?,?,?,?,?,?,?,?
28000.0,1.500195,1.7240856674810254E-8,28000.0,88.0,75.88114226910213,28000.0,51808.0,1.0,1.0,1.0,1.0,0.125,0.25,0.125,0.125,0.5,0.25,0.5,0.5,0.5,0.5,0.5,0.5,0.25,0.25,1.0,?,?,?,?,?,?,?,?,?,?,?
28500.0,1.525875,1.760087766995033E-8,28500.0,87.4,74.70610907689343,28500.0,54192.0,1.0,1.0,1.0,1.0,0.125,0.25,0.125,0.0625,0.25,0.125,0.25,0.25,0.25,0.25,0.25,0.25,0.25,0.25,0.5,0.5,?,?,?,?,?,?,?,?,?,?
29000.0,1.555157,1.8065575299163664E-8,29000.0,86.2,72.4088291746641,29000.0,61344.0,1.0,1.0,1.0,1.0,0.125,0.25,0.125,0.0625,0.25,0.125,0.25,0.25,0.25,0.25,0.25,0.25,0.25,0.25,0.5,0.5,1.0,1.0,1.0,?,?,?,?,?,?,?
29500.0,1.584789,1.8535827336212003E-8,29500.0,87.0,74.02493606138107,29500.0,61344.0,1.0,1.0,1.0,1.0,0.125,0.25,0.125,0.0625,0.25,0.125,0.25,0.25,0.25,0.25,0.25,0.25,0.25,0.25,0.5,0.5,1.0,1.0,1.0,?,?,?,?,?,?,?
30000.0,1.61727,1.9051292253037296E-8,30000.0,88.8,77.58278357778774,30000.0,61344.0,1.0,1.0,1.0,1.0,0.125,0.25,0.125,0.0625,0.25,0.125,0.25,0.25,0.25,0.25,0.25,0.25,0.25,0.25,0.5,0.5,1.0,1.0,1.0,?,?,?,?,?,?,?
30500.0,1.651303,1.9633366196519802E-8,30500.0,85.6,71.18847539015606,30500.0,66112.0,1.0,1.0,1.0,1.0,0.125,0.25,0.125,0.0625,0.25,0.125,0.25,0.25,0.25,0.25,0.25,0.25,0.25,0.25,0.5,0.5,1.0,1.0,1.0,1.0,1.0,?,?,?,?,?
31000.0,1.685842,2.0266697708931238E-8,31000.0,87.8,75.53972989445995,31000.0,70880.0,1.0,1.0,1.0,1.0,0.125,0.25,0.125,0.0625,0.25,0.125,0.25,0.25,0.5,0.5,0.5,0.5,0.5,0.25,1.0,0.5,0.5,1.0,1.0,0.5,0.5,0.5,1.0,?,?,?
31500.0,1.723451,2.0998821258544926E-8,31500.0,86.6,73.12259306803594,31500.0,75248.0,1.0,1.0,1.0,1.0,0.0625,0.125,0.0625,0.0625,0.25,0.125,0.25,0.25,0.5,0.5,0.5,0.5,0.25,0.125,0.5,0.25,0.25,0.5,0.5,0.25,0.25,0.25,0.5,1.0,1.0,?
32000.0,1.76948,2.198478173464537E-8,32000.0,87.6,75.05752860338252,32000.0,82800.0,0.5,1.0,1.0,1.0,0.0625,0.125,0.0625,0.0625,0.125,0.0625,0.125,0.125,0.25,0.25,0.25,0.25,0.125,0.0625,0.25,0.125,0.125,0.25,0.25,0.125,0.125,0.125,0.25,0.5,1.0,1.0,0.5,1.0
32500.0,1.816796,2.3027492078642056E-8,32500.0,89.4,78.8,32500.0,85184.0,0.5,1.0,1.0,1.0,0.0625,0.125,0.0625,0.0625,0.125,0.0625,0.125,0.125,0.25,0.25,0.25,0.25,0.125,0.0625,0.25,0.125,0.125,0.25,0.25,0.125,0.125,0.125,0.25,0.125,0.5,0.25,0.125,0.25,0.25
33000.0,1.860702,2.4022134397592813E-8,33000.0,87.0,73.7046506359429,33000.0,87568.0,0.5,1.0,1.0,1.0,0.0625,0.125,0.0625,0.0625,0.125,0.0625,0.125,0.125,0.25,0.25,0.25,0.25,0.125,0.0625,0.25,0.125,0.125,0.25,0.25,0.25,0.25,0.125,0.25,0.125,0.5,0.25,0.125,0.25,0.25,1.0
33500.0,1.909965,2.5168516267504962E-8,33500.0,88.4,76.76989378234191,33500.0,89952.0,0.5,1.0,1.0,1.0,0.0625,0.125,0.0625,0.0625,0.125,0.0625,0.125,0.125,0.25,0.25,0.25,0.25,0.125,0.0625,0.25,0.125,0.125,0.25,0.25,0.25,0.25,0.125,0.25,0.0625,0.25,0.125,0.0625,0.125,0.125,1.0,1.0
34000.0,1.957615,2.6336138144963322E-8,34000.0,87.2,74.40204783617311,34000.0,94720.0,0.125,0.25,0.25,0.25,0.015625,0.03125,0.015625,0.015625,0.03125,0.015625,0.03125,0.03125,0.0625,0.0625,0.0625,0.0625,0.03125,0.015625,0.0625,0.03125,0.03125,0.0625,0.0625,0.0625,0.0625,0.03125,0.0625,0.015625,0.0625,0.03125,0.015625,0.03125,0.03125,0.5,0.5,1.0,1.0
34500.0,2.00246,2.7435025932888195E-8,34500.0,88.6,77.19927037665205,34500.0,94720.0,0.125,0.25,0.25,0.25,0.015625,0.03125,0.015625,0.015625,0.03125,0.015625,0.03125,0.03125,0.0625,0.0625,0.0625,0.0625,0.03125,0.015625,0.0625,0.03125,0.03125,0.0625,0.0625,0.0625,0.0625,0.03125,0.0625,0.015625,0.0625,0.03125,0.015625,0.03125,0.03125,0.5,0.5,1.0,1.0
35000.0,2.048881,2.8629791840083074E-8,35000.0,86.2,72.32827488851102,35000.0,99488.0,0.25,0.5,0.5,0.5,0.03125,0.0625,0.03125,0.03125,0.0625,0.03125,0.0625,0.0625,0.125,0.125,0.125,0.125,0.0625,0.03125,0.125,0.0625,0.03125,0.0625,0.0625,0.0625,0.0625,0.0625,0.125,0.03125,0.0625,0.03125,0.03125,0.0625,0.0625,0.5,0.5,1.0,1.0,1.0,1.0
35500.0,2.097952,2.992302660312918E-8,35500.0,88.2,76.40151030334059,35500.0,101872.0,0.125,0.25,0.25,0.25,0.03125,0.0625,0.03125,0.03125,0.0625,0.03125,0.0625,0.0625,0.125,0.125,0.125,0.125,0.0625,0.03125,0.125,0.03125,0.0625,0.0625,0.0625,0.0625,0.0625,0.125,0.03125,0.0625,0.03125,0.03125,0.0625,0.0625,0.5,0.5,0.5,1.0,1.0,1.0,1.0,0.5
36000.0,2.145031,3.0989549760189326E-8,36000.0,88.2,76.39546792984252,36000.0,87568.0,0.0625,0.125,0.125,0.125,0.03125,0.03125,0.03125,0.03125,0.0625,0.0625,0.0625,0.0625,0.03125,0.03125,0.0625,0.03125,0.03125,0.03125,0.03125,0.03125,0.0625,0.03125,0.03125,0.03125,0.25,0.25,0.5,1.0,0.5,1.0,0.125,0.25,1.0,1.0,?,?,?,?,?,?
36500.0,2.187677,3.2005162247353135E-8,36500.0,88.6,77.19927037665205,36500.0,92056.0,0.0625,0.125,0.125,0.125,0.03125,0.03125,0.03125,0.03125,0.0625,0.0625,0.0625,0.0625,0.03125,0.03125,0.0625,0.03125,0.03125,0.03125,0.03125,0.03125,0.0625,0.03125,0.03125,0.03125,0.25,0.25,0.5,1.0,0.5,1.0,0.125,0.25,1.0,1.0,1.0,1.0,?,?,?,?
37000.0,2.231254,3.3046103008091454E-8,37000.0,88.4,76.75648814580896,37000.0,92336.0,0.0625,0.125,0.125,0.125,0.03125,0.03125,0.03125,0.03125,0.0625,0.0625,0.0625,0.0625,0.03125,0.03125,0.0625,0.03125,0.03125,0.03125,0.03125,0.03125,0.0625,0.03125,0.03125,0.03125,0.25,0.25,0.5,1.0,0.5,1.0,0.125,0.25,1.0,1.0,0.5,0.5,?,?,?,?
37500.0,2.275766,3.410937847776546E-8,37500.0,87.0,73.92992363473016,37500.0,92336.0,0.0625,0.125,0.125,0.125,0.03125,0.03125,0.03125,0.03125,0.0625,0.0625,0.0625,0.0625,0.03125,0.03125,0.0625,0.03125,0.03125,0.03125,0.03125,0.03125,0.0625,0.03125,0.03125,0.03125,0.25,0.25,0.5,1.0,0.5,1.0,0.125,0.25,1.0,1.0,0.5,0.5,?,?,?,?
38000.0,2.319966,3.5165201081997824E-8,38000.0,87.2,74.39713247883763,38000.0,92336.0,0.0625,0.125,0.125,0.125,0.03125,0.03125,0.03125,0.03125,0.03125,0.0625,0.03125,0.03125,0.015625,0.015625,0.03125,0.03125,0.015625,0.015625,0.015625,0.015625,0.03125,0.015625,0.015625,0.015625,0.125,0.125,0.5,1.0,0.5,1.0,0.0625,0.125,0.5,0.5,0.25,0.25,?,?,?,?
38500.0,2.364319,3.627479755630096E-8,38500.0,89.60000000000001,79.19866871479775,38500.0,96704.0,0.0625,0.125,0.125,0.125,0.03125,0.03125,0.03125,0.03125,0.03125,0.0625,0.03125,0.03125,0.015625,0.015625,0.03125,0.03125,0.015625,0.015625,0.015625,0.015625,0.03125,0.015625,0.015625,0.015625,0.125,0.125,0.5,1.0,0.5,1.0,0.0625,0.125,0.5,0.5,0.25,0.25,0.5,1.0,?,?
39000.0,2.411233,3.7453318250676E-8,39000.0,89.8,79.29388073275302,39000.0,97104.0,0.0625,0.125,0.125,0.125,0.03125,0.03125,0.03125,0.03125,0.03125,0.0625,0.03125,0.03125,0.015625,0.015625,0.03125,0.03125,0.015625,0.015625,0.015625,0.015625,0.03125,0.015625,0.015625,0.015625,0.125,0.125,0.5,1.0,0.5,1.0,0.0625,0.125,0.5,0.5,0.25,0.25,0.5,1.0,?,?
39500.0,2.457378,3.863763800718718E-8,39500.0,90.2,80.35851718830169,39500.0,99208.0,0.0625,0.125,0.125,0.125,0.03125,0.03125,0.03125,0.03125,0.03125,0.0625,0.03125,0.03125,0.015625,0.015625,0.03125,0.03125,0.015625,0.015625,0.015625,0.015625,0.03125,0.015625,0.015625,0.015625,0.125,0.125,0.5,1.0,0.25,0.5,0.03125,0.0625,0.25,0.25,0.125,0.125,0.25,0.5,1.0,?
40000.0,2.505535,3.9931502054548925E-8,40000.0,89.4,78.78778176229508,40000.0,103856.0,0.0625,0.125,0.125,0.125,0.03125,0.03125,0.03125,0.03125,0.03125,0.0625,0.03125,0.03125,0.015625,0.015625,0.03125,0.03125,0.015625,0.015625,0.015625,0.015625,0.03125,0.015625,0.015625,0.015625,0.125,0.125,0.5,1.0,0.25,0.5,0.03125,0.0625,0.25,0.25,0.125,0.125,0.25,0.5,0.5,1.0,1.0
40500.0,2.556753,4.1088079683896565E-8,40500.0,70.39999999999999,40.75734528860779,40500.0,87288.0,0.03125,0.0625,0.0625,0.0625,0.015625,0.015625,0.015625,0.015625,0.015625,0.03125,0.015625,0.015625,0.015625,0.015625,0.015625,0.0625,0.0625,0.25,0.5,0.125,0.25,0.015625,0.03125,0.125,0.125,0.0625,0.0625,0.125,0.25,0.25,1.0,0.5,1.0,1.0,?,?,?,?,?,?,?
41000.0,2.590783,4.1586151327937836E-8,41000.0,88.8,77.25352570351596,41000.0,56576.0,0.015625,0.015625,0.015625,0.015625,0.015625,0.0625,0.125,0.03125,0.0625,0.03125,0.03125,0.015625,0.015625,0.0625,0.125,0.125,0.5,0.25,1.0,1.0,0.25,?,?,?,?,?,?,?,?,?,?,?,?,?,?,?,?,?,?,?,?
41500.0,2.61381,4.17811629983286E-8,41500.0,92.4,84.77856822405948,41500.0,32736.0,0.015625,0.03125,0.015625,0.015625,0.03125,0.03125,0.5,0.125,1.0,1.0,0.25,?,?,?,?,?,?,?,?,?,?,?,?,?,?,?,?,?,?,?,?,?,?,?,?,?,?,?,?,?,?
42000.0,2.62432,4.183127858365575E-8,42000.0,92.4,84.8116646415553,42000.0,18432.0,0.25,0.125,1.0,0.5,0.25,?,?,?,?,?,?,?,?,?,?,?,?,?,?,?,?,?,?,?,?,?,?,?,?,?,?,?,?,?,?,?,?,?,?,?,?
42500.0,2.633425,4.187469460691014E-8,42500.0,93.60000000000001,87.20266184633597,42500.0,18432.0,0.25,0.125,1.0,0.5,0.25,?,?,?,?,?,?,?,?,?,?,?,?,?,?,?,?,?,?,?,?,?,?,?,?,?,?,?,?,?,?,?,?,?,?,?,?
43000.0,2.645637,4.19555209390819E-8,43000.0,90.8,81.54685494223364,43000.0,25584.0,1.0,0.0625,0.5,0.5,0.25,1.0,1.0,1.0,?,?,?,?,?,?,?,?,?,?,?,?,?,?,?,?,?,?,?,?,?,?,?,?,?,?,?,?,?,?,?,?,?
43500.0,2.658725,4.2057340970883755E-8,43500.0,92.4,84.80389020410776,43500.0,30072.0,0.5,0.03125,0.25,0.25,0.125,0.5,0.5,1.0,0.5,1.0,?,?,?,?,?,?,?,?,?,?,?,?,?,?,?,?,?,?,?,?,?,?,?,?,?,?,?,?,?,?,?
44000.0,2.672158,4.216281801669133E-8,44000.0,92.2,84.40149745624421,44000.0,30352.0,0.5,0.03125,0.25,0.25,0.125,0.5,0.5,1.0,0.5,1.0,?,?,?,?,?,?,?,?,?,?,?,?,?,?,?,?,?,?,?,?,?,?,?,?,?,?,?,?,?,?,?
44500.0,2.686435,4.2282250066184324E-8,44500.0,93.8,87.49354505551251,44500.0,32336.0,0.5,0.03125,0.25,0.25,0.125,0.5,0.5,1.0,0.5,1.0,1.0,?,?,?,?,?,?,?,?,?,?,?,?,?,?,?,?,?,?,?,?,?,?,?,?,?,?,?,?,?,?
45000.0,2.701297,4.240811376728944E-8,45000.0,92.4,84.78051906440245,45000.0,32736.0,0.5,0.03125,0.25,0.25,0.125,0.5,0.5,1.0,0.5,1.0,0.25,?,?,?,?,?,?,?,?,?,?,?,?,?,?,?,?,?,?,?,?,?,?,?,?,?,?,?,?,?,?
45500.0,2.715775,4.253072543897561E-8,45500.0,91.8,83.60000000000001,45500.0,32736.0,0.5,0.03125,0.25,0.25,0.125,0.5,0.5,1.0,0.5,1.0,0.25,?,?,?,?,?,?,?,?,?,?,?,?,?,?,?,?,?,?,?,?,?,?,?,?,?,?,?,?,?,?
46000.0,2.732054,4.26874901809626E-8,46000.0,94.0,87.99596664479265,46000.0,37224.0,1.0,0.0625,0.5,1.0,0.5,0.5,0.5,1.0,0.5,1.0,0.25,1.0,1.0,?,?,?,?,?,?,?,?,?,?,?,?,?,?,?,?,?,?,?,?,?,?,?,?,?,?,?,?
46500.0,2.750507,4.288928843620749E-8,46500.0,93.60000000000001,87.19508291183816,46500.0,42272.0,1.0,0.03125,0.5,1.0,0.5,0.5,0.5,1.0,0.5,1.0,0.125,0.5,0.5,1.0,1.0,?,?,?,?,?,?,?,?,?,?,?,?,?,?,?,?,?,?,?,?,?,?,?,?,?,?
47000.0,2.769805,4.310032743960617E-8,47000.0,93.2,86.39738829855334,47000.0,42272.0,1.0,0.03125,0.5,1.0,0.5,0.5,0.5,1.0,0.5,1.0,0.125,0.5,0.5,1.0,1.0,?,?,?,?,?,?,?,?,?,?,?,?,?,?,?,?,?,?,?,?,?,?,?,?,?,?
47500.0,2.790129,4.333512124501995E-8,47500.0,94.0,87.96707792520334,47500.0,44656.0,1.0,0.03125,0.5,1.0,0.5,0.5,0.5,1.0,0.5,1.0,0.125,0.5,0.5,1.0,1.0,1.0,?,?,?,?,?,?,?,?,?,?,?,?,?,?,?,?,?,?,?,?,?,?,?,?,?
48000.0,2.810599,4.357160172114768E-8,48000.0,92.80000000000001,85.60000000000001,48000.0,44656.0,1.0,0.03125,0.5,1.0,0.5,0.5,0.5,1.0,0.5,1.0,0.125,0.5,0.5,1.0,1.0,1.0,?,?,?,?,?,?,?,?,?,?,?,?,?,?,?,?,?,?,?,?,?,?,?,?,?
48500.0,2.831307,4.381083170158994E-8,48500.0,92.0,83.97846705972827,48500.0,44656.0,1.0,0.03125,0.5,1.0,0.5,0.5,0.5,1.0,0.5,1.0,0.125,0.5,0.5,1.0,1.0,1.0,?,?,?,?,?,?,?,?,?,?,?,?,?,?,?,?,?,?,?,?,?,?,?,?,?
49000.0,2.852622,4.407021993978155E-8,49000.0,91.8,83.38466526179285,49000.0,47040.0,1.0,0.03125,0.5,1.0,0.5,0.5,0.5,1.0,0.5,1.0,0.125,0.5,0.5,1.0,1.0,0.5,0.5,?,?,?,?,?,?,?,?,?,?,?,?,?,?,?,?,?,?,?,?,?,?,?,?
49500.0,2.874417,4.433544943316114E-8,49500.0,93.8,87.6003967873028,49500.0,47040.0,1.0,0.03125,0.5,1.0,0.5,0.5,0.5,1.0,0.5,1.0,0.125,0.5,0.25,0.5,0.5,0.5,0.25,?,?,?,?,?,?,?,?,?,?,?,?,?,?,?,?,?,?,?,?,?,?,?,?
50000.0,2.896299,4.4601737654043555E-8,50000.0,93.60000000000001,87.10343048749034,50000.0,47040.0,1.0,0.03125,0.5,1.0,0.5,0.5,0.5,1.0,0.5,0.5,0.0625,0.25,0.125,0.25,0.25,0.25,0.125,?,?,?,?,?,?,?,?,?,?,?,?,?,?,?,?,?,?,?,?,?,?,?,?
50500.0,2.918022,4.4866090959144946E-8,50500.0,90.60000000000001,81.15114376463795,50500.0,47040.0,1.0,0.03125,0.5,1.0,0.5,0.5,0.5,1.0,0.5,0.5,0.0625,0.25,0.125,0.25,0.25,0.25,0.125,?,?,?,?,?,?,?,?,?,?,?,?,?,?,?,?,?,?,?,?,?,?,?,?
51000.0,2.941257,4.516317423019143E-8,51000.0,90.2,80.39811821934906,51000.0,49424.0,1.0,0.03125,0.5,1.0,0.5,0.5,0.5,1.0,0.5,0.5,0.0625,0.25,0.125,0.25,0.25,0.25,0.125,1.0,?,?,?,?,?,?,?,?,?,?,?,?,?,?,?,?,?,?,?,?,?,?,?
51500.0,2.964169,4.545612761543855E-8,51500.0,92.60000000000001,85.2,51500.0,49424.0,1.0,0.03125,0.5,1.0,0.5,0.5,0.5,1.0,0.5,0.5,0.0625,0.25,0.125,0.25,0.25,0.25,0.125,1.0,?,?,?,?,?,?,?,?,?,?,?,?,?,?,?,?,?,?,?,?,?,?,?
52000.0,2.991023,4.584722431583536E-8,52000.0,92.4,84.79805415093134,52000.0,56296.0,1.0,0.03125,0.5,1.0,0.5,0.5,0.5,1.0,0.5,0.5,0.0625,0.25,0.125,0.25,0.25,0.25,0.125,1.0,1.0,1.0,1.0,?,?,?,?,?,?,?,?,?,?,?,?,?,?,?,?,?,?,?,?
52500.0,3.020462,4.6332569776309846E-8,52500.0,91.60000000000001,83.1870876833408,52500.0,63728.0,0.5,0.015625,0.25,0.5,0.25,0.25,0.25,0.5,0.25,0.25,0.03125,0.125,0.0625,0.125,0.125,0.125,0.0625,0.5,0.5,1.0,0.5,0.5,1.0,1.0,?,?,?,?,?,?,?,?,?,?,?,?,?,?,?,?,?
53000.0,3.052642,4.688295145001675E-8,53000.0,91.4,82.80000000000001,53000.0,66112.0,0.5,0.015625,0.25,0.5,0.25,0.25,0.25,0.5,0.25,0.25,0.03125,0.125,0.0625,0.125,0.125,0.125,0.0625,0.5,0.5,1.0,0.5,0.5,1.0,0.5,0.5,?,?,?,?,?,?,?,?,?,?,?,?,?,?,?,?
53500.0,3.086523,4.7483321556614495E-8,53500.0,90.2,80.33770986485186,53500.0,68496.0,0.5,0.015625,0.25,0.5,0.25,0.25,0.25,0.5,0.25,0.25,0.03125,0.125,0.0625,0.125,0.125,0.125,0.0625,0.5,0.5,1.0,0.5,0.5,1.0,0.5,0.5,0.5,?,?,?,?,?,?,?,?,?,?,?,?,?,?,?
54000.0,3.120468,4.8084825740920164E-8,54000.0,92.4,84.73331512044612,54000.0,68496.0,0.5,0.015625,0.25,0.5,0.25,0.25,0.25,0.5,0.25,0.25,0.03125,0.125,0.0625,0.125,0.125,0.125,0.0625,0.5,0.5,1.0,0.5,0.5,1.0,0.5,0.5,0.5,?,?,?,?,?,?,?,?,?,?,?,?,?,?,?
54500.0,3.151948,4.8642650213506475E-8,54500.0,93.60000000000001,87.20307126289691,54500.0,68496.0,0.5,0.015625,0.25,0.5,0.25,0.25,0.25,0.5,0.25,0.25,0.03125,0.125,0.0625,0.125,0.125,0.125,0.0625,0.5,0.5,1.0,0.5,0.25,0.5,0.25,0.5,0.25,?,?,?,?,?,?,?,?,?,?,?,?,?,?,?
55000.0,3.183857,4.9227756187319746E-8,55000.0,91.8,83.60052478320694,55000.0,70880.0,1.0,0.03125,0.5,1.0,0.5,0.25,0.25,0.5,0.25,0.25,0.03125,0.125,0.0625,0.125,0.125,0.125,0.0625,0.5,0.5,1.0,0.5,0.25,0.5,0.25,0.5,0.25,1.0,?,?,?,?,?,?,?,?,?,?,?,?,?,?
55500.0,3.21639,4.98243042661084E-8,55500.0,91.4,82.80275155975045,55500.0,70880.0,1.0,0.03125,0.5,1.0,0.5,0.25,0.25,0.5,0.25,0.25,0.03125,0.125,0.0625,0.125,0.125,0.125,0.03125,0.25,0.25,0.5,0.25,0.125,0.25,0.125,0.25,0.125,0.25,?,?,?,?,?,?,?,?,?,?,?,?,?,?
56000.0,3.250175,5.048548319273524E-8,56000.0,92.2,84.38751000800642,56000.0,75648.0,1.0,0.03125,0.5,1.0,0.5,0.25,0.25,0.5,0.25,0.25,0.03125,0.125,0.0625,0.125,0.125,0.125,0.03125,0.25,0.25,0.5,0.25,0.125,0.25,0.125,0.25,0.125,0.25,1.0,1.0,?,?,?,?,?,?,?,?,?,?,?,?
56500.0,3.285036,5.1167719645632625E-8,56500.0,91.4,82.80220131823127,56500.0,75648.0,1.0,0.03125,0.5,1.0,0.5,0.25,0.25,0.5,0.25,0.25,0.03125,0.125,0.0625,0.125,0.125,0.125,0.03125,0.25,0.25,0.5,0.25,0.125,0.25,0.125,0.25,0.125,0.25,1.0,1.0,?,?,?,?,?,?,?,?,?,?,?,?
57000.0,3.320272,5.185729492041798E-8,57000.0,91.60000000000001,83.17550353314427,57000.0,75648.0,1.0,0.03125,0.5,1.0,0.5,0.25,0.25,0.5,0.25,0.25,0.03125,0.125,0.0625,0.125,0.125,0.125,0.03125,0.25,0.25,0.5,0.25,0.125,0.25,0.125,0.25,0.125,0.25,1.0,1.0,?,?,?,?,?,?,?,?,?,?,?,?
57500.0,3.355714,5.257276024255486E-8,57500.0,93.60000000000001,87.19344304283794,57500.0,78032.0,1.0,0.03125,0.5,1.0,0.5,0.25,0.25,0.5,0.25,0.25,0.03125,0.125,0.0625,0.125,0.125,0.125,0.03125,0.25,0.25,0.5,0.25,0.125,0.25,0.125,0.25,0.25,0.25,0.5,1.0,1.0,?,?,?,?,?,?,?,?,?,?,?
58000.0,3.392044,5.330615156226686E-8,58000.0,92.80000000000001,85.5516848340852,58000.0,78032.0,1.0,0.03125,0.5,1.0,0.5,0.25,0.25,0.5,0.25,0.25,0.03125,0.125,0.0625,0.125,0.125,0.125,0.03125,0.25,0.25,0.5,0.25,0.125,0.25,0.125,0.25,0.25,0.25,0.5,1.0,0.5,?,?,?,?,?,?,?,?,?,?,?
58500.0,3.427978,5.40315488560332E-8,58500.0,93.8,87.58887963615398,58500.0,78032.0,1.0,0.03125,0.5,1.0,0.5,0.25,0.25,0.5,0.25,0.25,0.03125,0.125,0.0625,0.125,0.125,0.125,0.03125,0.25,0.25,0.5,0.25,0.125,0.25,0.125,0.25,0.25,0.25,0.5,1.0,0.5,?,?,?,?,?,?,?,?,?,?,?
59000.0,3.464231,5.4783118518276325E-8,59000.0,92.2,84.39550590570086,59000.0,80136.0,1.0,0.03125,0.5,1.0,0.5,0.25,0.25,0.5,0.25,0.25,0.015625,0.0625,0.03125,0.0625,0.0625,0.0625,0.015625,0.125,0.125,0.25,0.125,0.0625,0.125,0.0625,0.125,0.125,0.125,0.5,1.0,0.5,1.0,?,?,?,?,?,?,?,?,?,?
59500.0,3.501389,5.5556141537510664E-8,59500.0,93.60000000000001,87.14074455089052,59500.0,80416.0,1.0,0.03125,0.5,1.0,0.5,0.25,0.25,0.5,0.25,0.25,0.015625,0.0625,0.03125,0.0625,0.0625,0.0625,0.015625,0.125,0.125,0.25,0.125,0.0625,0.125,0.0625,0.125,0.125,0.0625,0.25,0.5,0.25,0.5,?,?,?,?,?,?,?,?,?,?
60000.0,3.539633,5.6375344050013336E-8,60000.0,92.60000000000001,85.10035114848105,60000.0,82800.0,1.0,0.03125,0.5,1.0,0.5,0.25,0.25,0.5,0.25,0.25,0.015625,0.0625,0.03125,0.0625,0.0625,0.0625,0.015625,0.125,0.125,0.25,0.125,0.0625,0.125,0.0625,0.125,0.125,0.0625,0.25,0.5,0.5,0.5,0.5,?,?,?,?,?,?,?,?,?
60500.0,3.581167,5.7316251308139806E-8,60500.0,70.39999999999999,40.875679130712676,60500.0,87568.0,1.0,0.03125,0.5,1.0,0.5,0.25,0.25,0.5,0.25,0.25,0.015625,0.03125,0.015625,0.125,0.03125,0.125,0.125,0.125,0.25,0.125,0.0625,0.125,0.0625,0.125,0.0625,0.03125,0.25,1.0,1.0,1.0,1.0,1.0,0.5,0.5,?,?,?,?,?,?,?
61000.0,3.629228,5.831261545833612E-8,61000.0,74.8,49.55560893586356,61000.0,80136.0,0.125,0.0625,0.125,0.0625,0.03125,0.03125,0.0625,0.03125,0.03125,0.015625,0.015625,0.015625,0.015625,0.03125,0.015625,0.015625,0.015625,0.03125,0.125,0.125,0.125,0.125,0.5,0.0625,0.0625,0.125,0.5,0.5,0.25,1.0,1.0,?,?,?,?,?,?,?,?,?,?
61500.0,3.664427,5.8892923038866764E-8,61500.0,87.2,74.22846466078217,61500.0,63728.0,0.0625,0.03125,0.0625,0.03125,0.015625,0.015625,0.03125,0.015625,0.015625,0.015625,0.015625,0.0625,0.0625,0.125,0.125,0.25,0.0625,0.0625,0.125,0.25,0.25,0.125,1.0,1.0,?,?,?,?,?,?,?,?,?,?,?,?,?,?,?,?,?
62000.0,3.693118,5.924207189844712E-8,62000.0,84.2,68.25983543327332,62000.0,47040.0,0.015625,0.015625,0.015625,0.015625,0.125,0.125,0.25,0.0625,0.0625,0.125,0.25,0.125,0.0625,0.5,0.5,1.0,1.0,?,?,?,?,?,?,?,?,?,?,?,?,?,?,?,?,?,?,?,?,?,?,?,?
62500.0,3.710804,5.941366698178978E-8,62500.0,86.6,73.19142125480154,62500.0,37504.0,0.125,0.125,0.25,0.0625,0.0625,0.125,0.25,0.125,0.0625,0.5,0.5,1.0,1.0,?,?,?,?,?,?,?,?,?,?,?,?,?,?,?,?,?,?,?,?,?,?,?,?,?,?,?,?
63000.0,3.727123,5.9571999005145476E-8,63000.0,88.4,76.79665871885551,63000.0,37504.0,0.125,0.125,0.25,0.0625,0.0625,0.125,0.25,0.125,0.0625,0.5,0.5,1.0,1.0,?,?,?,?,?,?,?,?,?,?,?,?,?,?,?,?,?,?,?,?,?,?,?,?,?,?,?,?
63500.0,3.744481,5.975111714667742E-8,63500.0,84.6,69.08723021582733,63500.0,39888.0,0.0625,0.125,0.25,0.0625,0.0625,0.125,0.25,0.125,0.0625,0.5,0.5,1.0,1.0,1.0,?,?,?,?,?,?,?,?,?,?,?,?,?,?,?,?,?,?,?,?,?,?,?,?,?,?,?
64000.0,3.76458,5.998331163078544E-8,64000.0,85.2,70.39999999999999,64000.0,44656.0,0.03125,0.0625,0.5,0.125,0.125,0.125,0.25,0.125,0.0625,0.5,0.5,1.0,1.0,0.5,1.0,0.5,?,?,?,?,?,?,?,?,?,?,?,?,?,?,?,?,?,?,?,?,?,?,?,?,?
64500.0,3.78453,6.02137847865621E-8,64500.0,85.8,71.6045432730763,64500.0,44656.0,0.03125,0.0625,0.5,0.125,0.125,0.125,0.125,0.0625,0.0625,0.5,0.5,0.5,0.5,0.25,1.0,0.25,?,?,?,?,?,?,?,?,?,?,?,?,?,?,?,?,?,?,?,?,?,?,?,?,?
65000.0,3.804733,6.044718073474034E-8,65000.0,88.2,76.32119694342772,65000.0,44656.0,0.03125,0.5,0.125,0.125,0.125,0.125,0.0625,0.0625,0.5,0.5,0.5,0.25,0.125,1.0,0.25,0.5,?,?,?,?,?,?,?,?,?,?,?,?,?,?,?,?,?,?,?,?,?,?,?,?,?
65500.0,3.825639,6.07015917367405E-8,65500.0,87.6,75.14312747566431,65500.0,47040.0,0.03125,0.5,0.125,0.125,0.125,0.125,0.0625,0.0625,0.5,0.5,0.5,0.25,0.125,1.0,0.25,0.5,1.0,?,?,?,?,?,?,?,?,?,?,?,?,?,?,?,?,?,?,?,?,?,?,?,?
66000.0,3.84857,6.102307310120924E-8,66000.0,86.0,71.98520818992428,66000.0,54192.0,0.03125,0.5,0.125,0.125,0.125,0.125,0.0625,0.0625,0.5,0.5,0.5,0.25,0.125,1.0,0.25,0.5,1.0,1.0,0.5,1.0,?,?,?,?,?,?,?,?,?,?,?,?,?,?,?,?,?,?,?,?,?
66500.0,3.873379,6.137088310387397E-8,66500.0,87.0,73.92908711695813,66500.0,54192.0,0.03125,0.5,0.125,0.125,0.125,0.125,0.0625,0.0625,0.5,0.5,0.25,0.125,0.0625,0.5,0.125,0.25,0.5,1.0,0.25,1.0,?,?,?,?,?,?,?,?,?,?,?,?,?,?,?,?,?,?,?,?,?
67000.0,3.900862,6.179008114255135E-8,67000.0,88.6,77.20729366602687,67000.0,58960.0,0.015625,0.25,0.0625,0.0625,0.0625,0.0625,0.03125,0.03125,0.25,0.25,0.125,0.0625,0.03125,0.5,0.125,0.25,0.5,1.0,0.125,0.5,0.5,1.0,?,?,?,?,?,?,?,?,?,?,?,?,?,?,?,?,?,?,?
67500.0,3.928129,6.220598453448876E-8,67500.0,89.0,77.98591098302914,67500.0,58960.0,0.015625,0.25,0.0625,0.0625,0.0625,0.0625,0.03125,0.03125,0.25,0.25,0.125,0.0625,0.03125,0.5,0.125,0.25,0.5,1.0,0.125,0.5,0.5,1.0,?,?,?,?,?,?,?,?,?,?,?,?,?,?,?,?,?,?,?
68000.0,3.955395,6.262187267343201E-8,68000.0,86.8,73.44534569331788,68000.0,58960.0,0.125,0.03125,0.03125,0.03125,0.03125,0.015625,0.015625,0.125,0.125,0.0625,0.03125,0.015625,0.25,0.0625,0.125,0.25,0.5,0.0625,0.25,0.5,1.0,1.0,?,?,?,?,?,?,?,?,?,?,?,?,?,?,?,?,?,?,?
68500.0,3.983398,6.306627290944256E-8,68500.0,87.4,74.69960804472146,68500.0,61344.0,0.125,0.03125,0.03125,0.03125,0.03125,0.015625,0.015625,0.125,0.125,0.0625,0.03125,0.015625,0.25,0.0625,0.125,0.25,0.5,0.0625,0.25,0.5,1.0,0.25,1.0,?,?,?,?,?,?,?,?,?,?,?,?,?,?,?,?,?,?
69000.0,4.011647,6.351457710067428E-8,69000.0,86.2,72.42382581449627,69000.0,61344.0,0.125,0.03125,0.03125,0.03125,0.03125,0.015625,0.015625,0.125,0.125,0.0625,0.03125,0.015625,0.25,0.0625,0.125,0.25,0.5,0.0625,0.25,0.5,1.0,0.0625,0.25,?,?,?,?,?,?,?,?,?,?,?,?,?,?,?,?,?,?
69500.0,4.041648,6.402769085433745E-8,69500.0,86.6,73.2257033248082,69500.0,66112.0,0.25,0.0625,0.0625,0.0625,0.0625,0.03125,0.03125,0.25,0.25,0.0625,0.03125,0.015625,0.25,0.0625,0.125,0.25,0.5,0.0625,0.25,0.5,1.0,0.0625,0.125,1.0,1.0,?,?,?,?,?,?,?,?,?,?,?,?,?,?,?,?
70000.0,4.072658,6.457718694375618E-8,70000.0,88.4,76.79814385150812,70000.0,68496.0,0.25,0.0625,0.0625,0.0625,0.0625,0.03125,0.03125,0.25,0.25,0.0625,0.03125,0.015625,0.25,0.0625,0.125,0.25,0.5,0.0625,0.25,0.5,1.0,0.0625,0.125,1.0,1.0,0.5,?,?,?,?,?,?,?,?,?,?,?,?,?,?,?
70500.0,4.107502,6.523760092755155E-8,70500.0,85.2,70.39621071497152,70500.0,73264.0,0.25,0.0625,0.0625,0.0625,0.0625,0.03125,0.03125,0.25,0.25,0.0625,0.03125,0.015625,0.25,0.0625,0.125,0.25,0.5,0.0625,0.25,0.5,1.0,0.0625,0.125,0.5,1.0,0.5,1.0,1.0,?,?,?,?,?,?,?,?,?,?,?,?,?
71000.0,4.144305,6.59805406671431E-8,71000.0,88.2,76.35080968414302,71000.0,78032.0,0.25,0.0625,0.0625,0.0625,0.0625,0.03125,0.03125,0.25,0.25,0.0625,0.03125,0.015625,0.25,0.0625,0.0625,0.125,0.25,0.03125,0.125,0.5,1.0,0.0625,0.125,0.5,1.0,0.25,0.5,0.5,1.0,1.0,?,?,?,?,?,?,?,?,?,?,?
71500.0,4.183114,6.67879105566276E-8,71500.0,86.0,71.9137189445978,71500.0,80416.0,0.25,0.0625,0.0625,0.0625,0.0625,0.03125,0.03125,0.25,0.25,0.0625,0.03125,0.015625,0.25,0.0625,0.0625,0.125,0.25,0.03125,0.125,0.5,1.0,0.0625,0.0625,0.5,1.0,0.125,0.5,0.5,1.0,1.0,1.0,?,?,?,?,?,?,?,?,?,?
72000.0,4.222099,6.764420538105894E-8,72000.0,86.2,72.19535783365569,72000.0,84904.0,0.125,0.03125,0.03125,0.03125,0.03125,0.015625,0.015625,0.125,0.125,0.03125,0.015625,0.125,0.03125,0.03125,0.0625,0.125,0.015625,0.0625,0.25,0.5,0.015625,0.015625,0.125,0.25,0.03125,0.25,0.25,0.5,0.25,0.125,0.5,1.0,1.0,?,?,?,?,?,?,?,?
72500.0,4.262843,6.85672160548468E-8,72500.0,89.0,77.99507089588069,72500.0,87568.0,0.125,0.03125,0.03125,0.03125,0.03125,0.015625,0.015625,0.125,0.125,0.03125,0.015625,0.125,0.03125,0.03125,0.0625,0.125,0.015625,0.0625,0.25,0.5,0.015625,0.015625,0.125,0.25,0.03125,0.25,0.25,0.5,0.25,0.125,0.5,1.0,0.5,0.5,?,?,?,?,?,?,?
73000.0,4.303932,6.952338365837927E-8,73000.0,86.2,72.10994341147938,73000.0,89952.0,0.25,0.0625,0.0625,0.03125,0.03125,0.03125,0.03125,0.25,0.125,0.03125,0.015625,0.125,0.03125,0.03125,0.125,0.25,0.03125,0.125,0.5,1.0,0.03125,0.03125,0.25,0.5,0.0625,0.5,0.5,1.0,0.5,0.25,1.0,1.0,1.0,1.0,0.5,?,?,?,?,?,?
73500.0,4.345983,7.052787226314342E-8,73500.0,87.8,75.54835813237557,73500.0,92336.0,0.25,0.0625,0.0625,0.03125,0.03125,0.03125,0.03125,0.25,0.125,0.03125,0.015625,0.125,0.03125,0.03125,0.125,0.25,0.03125,0.125,0.5,1.0,0.03125,0.03125,0.25,0.5,0.0625,0.5,0.5,1.0,0.5,0.25,1.0,1.0,1.0,1.0,0.25,1.0,?,?,?,?,?
74000.0,4.388243,7.151128979399796E-8,74000.0,87.2,74.40491425646276,74000.0,89952.0,0.25,0.0625,0.0625,0.015625,0.015625,0.03125,0.03125,0.25,0.125,0.015625,0.125,0.03125,0.03125,0.125,0.25,0.03125,0.125,0.5,1.0,0.03125,0.015625,0.25,0.25,0.03125,0.25,0.5,1.0,0.5,0.125,1.0,0.5,0.5,0.25,0.0625,0.25,?,?,?,?,?,?
74500.0,4.431241,7.248536236791143E-8,74500.0,88.8,77.60000000000001,74500.0,87568.0,0.125,0.03125,0.03125,0.015625,0.015625,0.125,0.0625,0.0625,0.015625,0.015625,0.0625,0.125,0.015625,0.0625,0.25,0.5,0.015625,0.125,0.125,0.015625,0.125,0.25,0.5,0.25,0.0625,0.5,0.25,0.25,0.125,0.03125,0.0625,1.0,0.5,1.0,?,?,?,?,?,?,?
75000.0,4.471831,7.340488434044847E-8,75000.0,86.4,72.7511700968135,75000.0,87568.0,0.125,0.03125,0.03125,0.015625,0.015625,0.125,0.0625,0.0625,0.015625,0.015625,0.0625,0.125,0.015625,0.0625,0.25,0.5,0.015625,0.125,0.125,0.015625,0.125,0.25,0.5,0.25,0.0625,0.5,0.25,0.25,0.125,0.03125,0.03125,1.0,0.25,0.5,?,?,?,?,?,?,?
75500.0,4.513424,7.439843252094252E-8,75500.0,88.4,76.8,75500.0,92336.0,0.125,0.03125,0.03125,0.015625,0.015625,0.125,0.0625,0.0625,0.015625,0.015625,0.0625,0.125,0.015625,0.0625,0.25,0.5,0.015625,0.125,0.125,0.015625,0.125,0.25,0.5,0.25,0.0625,0.5,0.25,0.25,0.125,0.03125,0.03125,1.0,0.25,0.5,0.5,0.5,?,?,?,?,?
76000.0,4.557102,7.546420417519076E-8,76000.0,89.0,77.99788779722854,76000.0,94320.0,0.125,0.03125,0.03125,0.015625,0.015625,0.125,0.0625,0.0625,0.015625,0.015625,0.0625,0.125,0.015625,0.0625,0.25,0.5,0.015625,0.125,0.125,0.015625,0.125,0.25,0.5,0.25,0.0625,0.5,0.25,0.25,0.125,0.03125,0.03125,1.0,0.25,0.5,0.5,0.5,1.0,?,?,?,?
76500.0,4.606628,7.673888538239728E-8,76500.0,90.2,80.39874551971326,76500.0,99488.0,0.125,0.03125,0.03125,0.015625,0.015625,0.125,0.0625,0.0625,0.015625,0.015625,0.0625,0.125,0.015625,0.0625,0.25,0.5,0.015625,0.125,0.125,0.015625,0.125,0.25,0.5,0.25,0.0625,0.5,0.25,0.25,0.125,0.03125,0.03125,1.0,0.25,0.5,0.25,0.25,0.25,0.25,0.25,?,?
77000.0,4.650935,7.77152859067751E-8,77000.0,88.2,76.36293708534983,77000.0,85184.0,0.125,0.03125,0.03125,0.125,0.0625,0.0625,0.0625,0.0625,0.03125,0.125,0.25,0.0625,0.0625,0.0625,0.125,0.25,0.125,0.0625,0.5,0.25,0.25,0.125,0.03125,0.0625,1.0,0.125,0.5,0.25,0.25,0.125,0.125,0.0625,0.5,?,?,?,?,?,?,?,?
77500.0,4.692806,7.868965115605127E-8,77500.0,87.8,75.53423602643907,77500.0,89952.0,0.125,0.03125,0.03125,0.125,0.0625,0.0625,0.0625,0.0625,0.03125,0.125,0.25,0.0625,0.0625,0.0625,0.125,0.25,0.125,0.0625,0.5,0.25,0.25,0.125,0.03125,0.0625,1.0,0.125,0.5,0.25,0.25,0.125,0.125,0.0625,1.0,1.0,1.0,?,?,?,?,?,?
78000.0,4.735572,7.971121924411916E-8,78000.0,88.2,76.4,78000.0,92336.0,0.125,0.03125,0.03125,0.125,0.0625,0.0625,0.0625,0.0625,0.03125,0.125,0.25,0.0625,0.0625,0.0625,0.125,0.25,0.125,0.0625,0.5,0.25,0.25,0.125,0.03125,0.0625,1.0,0.125,0.5,0.25,0.25,0.125,0.125,0.0625,1.0,1.0,1.0,0.5,?,?,?,?,?
78500.0,4.779321,8.075626863580608E-8,78500.0,90.0,80.0,78500.0,92336.0,0.0625,0.015625,0.015625,0.0625,0.03125,0.0625,0.0625,0.0625,0.03125,0.125,0.25,0.03125,0.03125,0.0625,0.125,0.25,0.125,0.0625,0.5,0.25,0.25,0.125,0.03125,0.0625,1.0,0.125,0.5,0.25,0.25,0.125,0.125,0.0625,1.0,1.0,1.0,0.25,?,?,?,?,?
79000.0,4.825414,8.194259260470665E-8,79000.0,89.8,79.29253556811538,79000.0,99488.0,0.0625,0.015625,0.015625,0.0625,0.03125,0.0625,0.0625,0.0625,0.03125,0.125,0.25,0.03125,0.03125,0.0625,0.125,0.25,0.125,0.0625,0.5,0.25,0.25,0.125,0.03125,0.0625,1.0,0.125,0.5,0.25,0.25,0.125,0.125,0.0625,1.0,1.0,1.0,0.25,0.5,1.0,1.0,?,?
79500.0,4.871847,8.308039295383622E-8,79500.0,90.0,79.96120489267223,79500.0,94720.0,0.0625,0.03125,0.015625,0.03125,0.03125,0.03125,0.015625,0.125,0.125,0.015625,0.015625,0.03125,0.0625,0.125,0.0625,0.03125,0.25,0.125,0.125,0.0625,0.015625,0.03125,1.0,0.125,0.5,0.25,0.25,0.125,0.125,0.0625,0.5,0.5,0.5,0.25,0.5,1.0,1.0,?,?,?,?
80000.0,4.913967,8.403457539983918E-8,80000.0,89.0,77.99013958253298,80000.0,87568.0,0.03125,0.015625,0.015625,0.015625,0.03125,0.0625,0.0625,0.015625,0.015625,0.015625,0.03125,0.0625,0.03125,0.015625,0.125,0.0625,0.0625,0.03125,0.015625,1.0,0.125,0.5,0.25,0.25,0.125,0.125,0.0625,0.5,0.5,0.5,0.25,0.5,1.0,1.0,?,?,?,?,?,?,?
80500.0,4.952278,8.466222447032726E-8,80500.0,70.39999999999999,40.77441454708433,80500.0,63328.0,0.015625,0.015625,0.015625,0.03125,0.015625,0.015625,0.015625,0.5,0.0625,0.25,0.125,0.125,0.0625,0.0625,0.03125,0.25,0.25,0.25,0.125,0.25,0.5,0.5,1.0,1.0,?,?,?,?,?,?,?,?,?,?,?,?,?,?,?,?,?
81000.0,4.980974,8.502913221923837E-8,81000.0,82.19999999999999,63.93139670600439,81000.0,49424.0,0.125,0.015625,0.0625,0.03125,0.03125,0.015625,0.015625,0.0625,0.0625,0.0625,0.03125,0.0625,0.125,0.125,1.0,1.0,0.5,1.0,?,?,?,?,?,?,?,?,?,?,?,?,?,?,?,?,?,?,?,?,?,?,?
81500.0,4.999146,8.522654120499885E-8,81500.0,92.4,84.78051906440245,81500.0,41992.0,0.03125,0.015625,0.03125,0.03125,0.03125,0.015625,0.03125,0.0625,0.0625,0.5,0.5,0.25,0.5,1.0,1.0,?,?,?,?,?,?,?,?,?,?,?,?,?,?,?,?,?,?,?,?,?,?,?,?,?,?
82000.0,5.016016,8.539021920205815E-8,82000.0,90.0,79.96923274149094,82000.0,37504.0,0.015625,0.015625,0.015625,0.015625,0.015625,0.03125,0.03125,0.5,0.5,0.25,0.5,0.5,1.0,?,?,?,?,?,?,?,?,?,?,?,?,?,?,?,?,?,?,?,?,?,?,?,?,?,?,?,?
82500.0,5.027937,8.545441514708926E-8,82500.0,93.8,87.60198368261078,82500.0,20816.0,0.5,0.5,0.25,0.5,0.5,1.0,?,?,?,?,?,?,?,?,?,?,?,?,?,?,?,?,?,?,?,?,?,?,?,?,?,?,?,?,?,?,?,?,?,?,?
83000.0,5.036429,8.550014553591605E-8,83000.0,92.4,84.76587556125722,83000.0,20816.0,0.5,0.5,0.25,0.5,0.5,1.0,?,?,?,?,?,?,?,?,?,?,?,?,?,?,?,?,?,?,?,?,?,?,?,?,?,?,?,?,?,?,?,?,?,?,?
83500.0,5.044851,8.554549896675676E-8,83500.0,92.60000000000001,85.20284105451753,83500.0,20816.0,0.5,0.5,0.25,0.5,0.5,1.0,?,?,?,?,?,?,?,?,?,?,?,?,?,?,?,?,?,?,?,?,?,?,?,?,?,?,?,?,?,?,?,?,?,?,?
84000.0,5.053269,8.559083085714111E-8,84000.0,91.8,83.60367277729789,84000.0,20816.0,0.5,0.5,0.25,0.5,0.5,1.0,?,?,?,?,?,?,?,?,?,?,?,?,?,?,?,?,?,?,?,?,?,?,?,?,?,?,?,?,?,?,?,?,?,?,?
84500.0,5.062206,8.564446944950351E-8,84500.0,93.8,87.50282194343212,84500.0,23200.0,0.5,0.5,0.25,0.5,0.5,1.0,1.0,?,?,?,?,?,?,?,?,?,?,?,?,?,?,?,?,?,?,?,?,?,?,?,?,?,?,?,?,?,?,?,?,?,?
85000.0,5.073172,8.571704900720049E-8,85000.0,92.2,84.38650994459213,85000.0,25584.0,0.5,0.5,0.25,0.5,0.5,1.0,1.0,0.5,?,?,?,?,?,?,?,?,?,?,?,?,?,?,?,?,?,?,?,?,?,?,?,?,?,?,?,?,?,?,?,?,?
85500.0,5.084869,8.580168079791793E-8,85500.0,91.8,83.60052478320694,85500.0,27968.0,0.5,0.5,0.25,0.5,0.5,1.0,0.5,0.25,1.0,?,?,?,?,?,?,?,?,?,?,?,?,?,?,?,?,?,?,?,?,?,?,?,?,?,?,?,?,?,?,?,?
86000.0,5.098865,8.590294663897815E-8,86000.0,94.0,87.99711930863407,86000.0,27968.0,0.5,0.5,0.25,0.5,0.5,1.0,0.5,0.25,1.0,?,?,?,?,?,?,?,?,?,?,?,?,?,?,?,?,?,?,?,?,?,?,?,?,?,?,?,?,?,?,?,?
86500.0,5.112691,8.601150955383973E-8,86500.0,93.2,86.3923797326503,86500.0,30352.0,0.5,0.5,0.25,0.5,0.5,1.0,0.5,0.25,1.0,1.0,?,?,?,?,?,?,?,?,?,?,?,?,?,?,?,?,?,?,?,?,?,?,?,?,?,?,?,?,?,?,?
87000.0,5.1269,8.613184311116731E-8,87000.0,93.2,86.39673521645196,87000.0,32736.0,0.5,0.5,0.25,0.5,0.5,1.0,0.5,0.25,1.0,1.0,0.25,?,?,?,?,?,?,?,?,?,?,?,?,?,?,?,?,?,?,?,?,?,?,?,?,?,?,?,?,?,?
87500.0,5.141764,8.626689101051949E-8,87500.0,93.2,86.37405620301054,87500.0,35120.0,0.5,0.5,0.25,0.5,0.5,1.0,0.5,0.25,1.0,1.0,0.25,0.5,?,?,?,?,?,?,?,?,?,?,?,?,?,?,?,?,?,?,?,?,?,?,?,?,?,?,?,?,?
88000.0,5.158068,8.642507749920086E-8,88000.0,93.0,86.00000000000001,88000.0,37504.0,0.5,0.5,0.25,0.5,0.5,1.0,0.5,0.25,1.0,1.0,0.25,0.5,1.0,?,?,?,?,?,?,?,?,?,?,?,?,?,?,?,?,?,?,?,?,?,?,?,?,?,?,?,?
88500.0,5.176568,8.661598000054555E-8,88500.0,91.4,82.77298804525498,88500.0,39888.0,0.25,0.25,0.125,0.25,0.25,0.5,0.25,0.125,0.5,0.5,0.125,0.25,1.0,1.0,?,?,?,?,?,?,?,?,?,?,?,?,?,?,?,?,?,?,?,?,?,?,?,?,?,?,?
89000.0,5.19656,8.684693836296595E-8,89000.0,90.0,79.6536232827658,89000.0,44656.0,0.25,0.25,0.125,0.25,0.25,0.5,0.25,0.0625,0.25,0.25,0.0625,0.25,1.0,1.0,0.5,1.0,?,?,?,?,?,?,?,?,?,?,?,?,?,?,?,?,?,?,?,?,?,?,?,?,?
89500.0,5.217082,8.708401957112879E-8,89500.0,93.2,86.40152302942072,89500.0,44656.0,0.25,0.25,0.125,0.25,0.25,0.5,0.25,0.0625,0.25,0.25,0.0625,0.25,1.0,1.0,0.25,0.5,?,?,?,?,?,?,?,?,?,?,?,?,?,?,?,?,?,?,?,?,?,?,?,?,?
90000.0,5.237589,8.732092749120458E-8,90000.0,92.60000000000001,85.11952639876452,90000.0,44656.0,0.5,0.5,0.25,0.5,0.5,1.0,0.25,0.0625,0.25,0.25,0.0625,0.25,1.0,1.0,0.5,1.0,?,?,?,?,?,?,?,?,?,?,?,?,?,?,?,?,?,?,?,?,?,?,?,?,?
90500.0,5.258415,8.756152067126496E-8,90500.0,89.8,79.54698578716032,90500.0,44656.0,0.5,0.5,0.25,0.5,0.5,1.0,0.25,0.0625,0.25,0.25,0.0625,0.25,1.0,0.5,0.5,1.0,?,?,?,?,?,?,?,?,?,?,?,?,?,?,?,?,?,?,?,?,?,?,?,?,?
91000.0,5.279019,8.779954918763701E-8,91000.0,89.8,79.60000000000001,91000.0,44656.0,0.5,0.5,0.25,0.5,0.5,1.0,0.25,0.0625,0.25,0.25,0.0625,0.25,1.0,0.5,0.5,1.0,?,?,?,?,?,?,?,?,?,?,?,?,?,?,?,?,?,?,?,?,?,?,?,?,?
91500.0,5.30004,8.805535965702597E-8,91500.0,92.4,84.80194535099508,91500.0,47040.0,0.5,0.5,0.25,0.5,0.5,1.0,0.25,0.0625,0.25,0.125,0.0625,0.25,1.0,0.25,0.5,1.0,1.0,?,?,?,?,?,?,?,?,?,?,?,?,?,?,?,?,?,?,?,?,?,?,?,?
92000.0,5.323893,8.837505584996605E-8,92000.0,92.2,84.3975036005761,92000.0,51808.0,0.25,0.25,0.125,0.25,0.5,1.0,0.125,0.03125,0.125,0.0625,0.03125,0.125,0.5,0.125,0.25,0.5,0.25,0.5,1.0,?,?,?,?,?,?,?,?,?,?,?,?,?,?,?,?,?,?,?,?,?,?
92500.0,5.347878,8.871131377708578E-8,92500.0,91.60000000000001,83.1870876833408,92500.0,54192.0,0.25,0.25,0.125,0.25,0.5,1.0,0.125,0.03125,0.125,0.0625,0.03125,0.125,0.5,0.125,0.25,0.5,0.25,0.5,1.0,1.0,?,?,?,?,?,?,?,?,?,?,?,?,?,?,?,?,?,?,?,?,?
93000.0,5.374115,8.911150658503171E-8,93000.0,91.8,83.6020989313368,93000.0,58960.0,0.25,0.25,0.125,0.25,0.5,1.0,0.125,0.03125,0.125,0.0625,0.03125,0.125,0.5,0.125,0.25,0.5,0.25,0.5,1.0,1.0,1.0,1.0,?,?,?,?,?,?,?,?,?,?,?,?,?,?,?,?,?,?,?
93500.0,5.401653,8.953154353838824E-8,93500.0,91.0,81.95669607056936,93500.0,58960.0,0.25,0.25,0.125,0.25,0.5,1.0,0.125,0.03125,0.125,0.0625,0.03125,0.125,0.5,0.125,0.25,0.5,0.125,0.25,0.5,0.5,1.0,1.0,?,?,?,?,?,?,?,?,?,?,?,?,?,?,?,?,?,?,?
94000.0,5.429621,8.99753883336153E-8,94000.0,91.2,82.33016882720511,94000.0,61344.0,0.125,0.125,0.0625,0.125,0.25,0.5,0.0625,0.015625,0.0625,0.03125,0.015625,0.0625,0.25,0.0625,0.125,0.25,0.125,0.25,0.5,0.5,1.0,1.0,0.5,?,?,?,?,?,?,?,?,?,?,?,?,?,?,?,?,?,?
94500.0,5.4585,9.0451501365751E-8,94500.0,93.60000000000001,87.20327596135391,94500.0,63728.0,0.125,0.125,0.0625,0.125,0.25,0.5,0.0625,0.015625,0.0625,0.03125,0.015625,0.0625,0.25,0.0625,0.125,0.25,0.125,0.25,0.5,0.5,1.0,1.0,0.5,0.5,?,?,?,?,?,?,?,?,?,?,?,?,?,?,?,?,?
95000.0,5.488904,9.097150771775176E-8,95000.0,89.8,79.60000000000001,95000.0,66112.0,0.125,0.125,0.0625,0.125,0.25,0.5,0.0625,0.015625,0.0625,0.03125,0.015625,0.0625,0.25,0.0625,0.125,0.25,0.125,0.25,0.5,0.5,1.0,1.0,0.25,0.5,1.0,?,?,?,?,?,?,?,?,?,?,?,?,?,?,?,?
95500.0,5.519375,9.147386722473631E-8,95500.0,90.2,80.40626999360205,95500.0,63728.0,0.0625,0.0625,0.03125,0.0625,0.125,0.25,0.03125,0.03125,0.015625,0.03125,0.125,0.03125,0.0625,0.125,0.0625,0.125,0.25,0.25,0.5,0.5,0.125,0.25,1.0,1.0,?,?,?,?,?,?,?,?,?,?,?,?,?,?,?,?,?
96000.0,5.548978,9.196191646779574E-8,96000.0,90.2,80.3723642889188,96000.0,63728.0,0.125,0.125,0.0625,0.125,0.25,0.5,0.0625,0.0625,0.03125,0.0625,0.25,0.0625,0.125,0.25,0.125,0.25,0.5,0.5,1.0,1.0,0.25,0.5,1.0,1.0,?,?,?,?,?,?,?,?,?,?,?,?,?,?,?,?,?
96500.0,5.581531,9.249860082442559E-8,96500.0,89.8,79.58693563880884,96500.0,63728.0,0.125,0.125,0.0625,0.125,0.25,0.5,0.0625,0.0625,0.03125,0.0625,0.25,0.0625,0.125,0.25,0.125,0.25,0.5,0.5,1.0,1.0,0.25,0.5,1.0,0.25,?,?,?,?,?,?,?,?,?,?,?,?,?,?,?,?,?
97000.0,5.613846,9.307122146710751E-8,97000.0,90.0,79.96409565942169,97000.0,68496.0,0.03125,0.03125,0.015625,0.03125,0.0625,0.125,0.015625,0.015625,0.015625,0.0625,0.015625,0.03125,0.0625,0.03125,0.0625,0.125,0.25,0.25,0.5,0.0625,0.25,0.25,0.125,1.0,1.0,1.0,?,?,?,?,?,?,?,?,?,?,?,?,?,?,?
97500.0,5.64826,9.370226089118253E-8,97500.0,91.0,81.98962602459017,97500.0,70880.0,0.03125,0.03125,0.015625,0.03125,0.0625,0.125,0.015625,0.015625,0.015625,0.0625,0.015625,0.03125,0.0625,0.03125,0.0625,0.125,0.25,0.25,0.5,0.0625,0.25,0.25,0.125,1.0,1.0,1.0,1.0,?,?,?,?,?,?,?,?,?,?,?,?,?,?
98000.0,5.68161,9.431379005933799E-8,98000.0,93.4,86.71925305859628,98000.0,70880.0,0.03125,0.03125,0.015625,0.03125,0.0625,0.125,0.015625,0.015625,0.015625,0.0625,0.015625,0.03125,0.0625,0.03125,0.0625,0.125,0.25,0.25,0.5,0.0625,0.25,0.25,0.125,1.0,1.0,1.0,1.0,?,?,?,?,?,?,?,?,?,?,?,?,?,?
98500.0,5.714352,9.491417050982513E-8,98500.0,93.8,87.5964277711981,98500.0,70880.0,0.03125,0.03125,0.015625,0.03125,0.0625,0.125,0.015625,0.015625,0.015625,0.0625,0.015625,0.03125,0.0625,0.03125,0.0625,0.125,0.25,0.25,0.5,0.0625,0.25,0.25,0.125,1.0,1.0,1.0,0.5,?,?,?,?,?,?,?,?,?,?,?,?,?,?
99000.0,5.747789,9.554791699060133E-8,99000.0,91.8,83.61101339899588,99000.0,73264.0,0.03125,0.03125,0.015625,0.03125,0.0625,0.125,0.015625,0.015625,0.015625,0.0625,0.015625,0.03125,0.0625,0.03125,0.0625,0.0625,0.125,0.125,0.25,0.0625,0.25,0.25,0.125,1.0,1.0,1.0,1.0,0.5,?,?,?,?,?,?,?,?,?,?,?,?,?
99500.0,5.782116,9.619853204116222E-8,99500.0,93.2,86.31261976457706,99500.0,73264.0,0.03125,0.03125,0.015625,0.03125,0.0625,0.125,0.015625,0.015625,0.015625,0.0625,0.015625,0.03125,0.0625,0.03125,0.0625,0.0625,0.125,0.125,0.25,0.0625,0.25,0.25,0.125,1.0,1.0,1.0,1.0,0.5,?,?,?,?,?,?,?,?,?,?,?,?,?
100000.0,5.81676,9.687652176246044E-8,100000.0,93.0,85.91571966648425,100000.0,75648.0,0.03125,0.03125,0.015625,0.03125,0.125,0.25,0.015625,0.015625,0.015625,0.0625,0.015625,0.03125,0.0625,0.03125,0.0625,0.0625,0.125,0.125,0.25,0.0625,0.25,0.25,0.125,1.0,1.0,1.0,1.0,0.5,1.0,?,?,?,?,?,?,?,?,?,?,?,?
