learning evaluation instances,evaluation time (cpu seconds),model cost (RAM-Hours),classified instances,classifications correct (percent),Kappa Statistic (percent),model training instances,model serialized size (bytes),member weight 1,member weight 2,member weight 3,member weight 4,member weight 5
500.0,0.054444,2.5960922241210937E-10,500.0,58.599999999999994,17.245018709821846,500.0,18432.0,1.0,1.0,0.25,0.5,0.5
1000.0,0.107094,6.080784648656846E-10,1000.0,62.8,25.290403431821474,1000.0,25584.0,0.5,0.5,0.5,0.5,1.0,1.0,0.25,0.5
1500.0,0.134387,8.392181495825451E-10,1500.0,60.8,20.92565397711684,1500.0,32736.0,0.0625,0.0625,0.125,0.125,0.25,0.125,0.0625,0.125,1.0,1.0,1.0
2000.0,0.169014,1.1965360368291537E-9,2000.0,69.8,39.52258891380967,2000.0,39888.0,0.125,0.125,0.125,0.125,0.25,0.125,0.0625,0.03125,0.25,0.5,1.0,0.5,0.5,0.5
2500.0,0.210734,1.726946925951375E-9,2500.0,66.0,29.848307280920395,2500.0,49144.0,0.03125,0.0625,0.0625,0.0625,0.125,0.0625,0.0625,0.03125,0.25,0.5,1.0,0.5,0.25,0.25,1.0,1.0,1.0,1.0
3000.0,0.250991,2.2913303060664072E-9,3000.0,62.6,25.467125821057333,3000.0,54192.0,0.015625,0.03125,0.03125,0.03125,0.0625,0.0625,0.0625,0.03125,0.25,0.5,1.0,0.5,0.25,0.25,1.0,0.5,1.0,0.5,0.25,0.5
3500.0,0.289068,2.942569678028425E-9,3500.0,66.60000000000001,33.31949147128347,3500.0,66112.0,0.03125,0.015625,0.015625,0.03125,0.03125,0.03125,0.015625,0.125,0.25,0.5,0.25,0.125,0.0625,0.5,0.125,0.5,0.5,0.25,0.125,1.0,0.5,0.5,0.5,1.0,0.5
4000.0,0.326802,3.5413983215888346E-9,4000.0,68.60000000000001,37.10943759012979,4000.0,61344.0,0.0625,0.125,0.25,0.0625,0.03125,0.03125,0.25,0.0625,0.25,0.5,0.25,0.125,1.0,0.125,0.125,0.125,0.5,0.125,1.0,1.0,1.0,1.0,1.0,?,?
4500.0,0.368327,4.277219834427039E-9,4500.0,60.0,18.962722852512158,4500.0,68496.0,0.0625,0.125,0.25,0.0625,0.03125,0.03125,0.25,0.0625,0.25,0.5,0.25,0.125,1.0,0.125,0.125,0.125,0.5,0.125,1.0,1.0,1.0,0.5,1.0,1.0,1.0,1.0
5000.0,0.410376,5.100126825273037E-9,5000.0,65.0,28.601736405770612,5000.0,75648.0,0.0625,0.125,0.25,0.0625,0.03125,0.03125,0.25,0.0625,0.25,0.5,0.25,0.125,1.0,0.125,0.125,0.125,0.5,0.125,0.5,1.0,1.0,0.25,0.25,0.5,1.0,1.0,1.0,1.0,1.0
5500.0,0.460296,6.231009724239508E-9,5500.0,67.0,34.11174647797336,5500.0,87568.0,0.03125,0.0625,0.125,0.03125,0.015625,0.015625,0.125,0.03125,0.125,0.25,0.125,0.0625,0.5,0.0625,0.0625,0.0625,0.25,0.0625,0.5,1.0,1.0,0.25,0.25,0.5,0.5,0.5,0.5,0.5,0.5,0.5,0.5,0.5,1.0,1.0
6000.0,0.521046,7.757102834681669E-9,6000.0,63.800000000000004,27.87695250239083,6000.0,97104.0,0.03125,0.0625,0.125,0.03125,0.125,0.03125,0.125,0.25,0.125,0.0625,0.5,0.0625,0.0625,0.0625,0.25,0.0625,0.5,1.0,1.0,0.25,0.25,0.5,0.25,0.25,0.5,0.25,0.25,0.0625,0.125,0.125,0.25,0.5,0.125,0.25,1.0,1.0,0.5,0.5
6500.0,0.58062,9.327137432992458E-9,6500.0,63.2,26.36347628423698,6500.0,101872.0,0.015625,0.03125,0.0625,0.015625,0.0625,0.015625,0.0625,0.25,0.125,0.03125,0.25,0.03125,0.03125,0.03125,0.125,0.03125,0.25,0.5,0.5,0.125,0.125,0.25,0.125,0.125,0.25,0.125,0.125,0.015625,0.03125,0.03125,0.0625,0.25,0.0625,0.125,0.5,1.0,0.25,0.125,0.25,1.0
7000.0,0.638575,1.0747274388041761E-8,7000.0,65.2,30.40890765981954,7000.0,94720.0,0.015625,0.03125,0.03125,0.0625,0.25,0.125,0.015625,0.125,0.015625,0.015625,0.015625,0.0625,0.015625,0.125,0.25,0.25,0.0625,0.0625,0.125,0.0625,0.0625,0.125,0.0625,0.0625,0.015625,0.015625,0.0625,0.25,0.0625,0.125,0.5,1.0,0.25,0.125,0.25,1.0,0.5,?,?,?
7500.0,0.69112,1.1872810315754678E-8,7500.0,62.2,22.35004108463435,7500.0,82800.0,0.015625,0.015625,0.03125,0.125,0.0625,0.0625,0.03125,0.0625,0.125,0.125,0.03125,0.03125,0.0625,0.03125,0.03125,0.0625,0.03125,0.03125,0.015625,0.0625,0.015625,0.03125,0.125,0.25,0.0625,0.03125,0.0625,0.5,0.25,1.0,1.0,1.0,?,?,?,?,?,?,?,?
8000.0,0.739607,1.2881518188450072E-8,8000.0,65.8,31.514530133606755,8000.0,80416.0,0.015625,0.0625,0.03125,0.03125,0.015625,0.03125,0.0625,0.0625,0.015625,0.015625,0.03125,0.015625,0.015625,0.03125,0.015625,0.015625,0.03125,0.015625,0.0625,0.125,0.03125,0.015625,0.03125,0.25,0.25,0.5,0.5,1.0,0.5,1.0,1.0,?,?,?,?,?,?,?,?,?
8500.0,0.788285,1.3954243146710926E-8,8500.0,61.199999999999996,22.913090469832788,8500.0,85184.0,0.015625,0.0625,0.03125,0.03125,0.015625,0.03125,0.0625,0.0625,0.015625,0.015625,0.03125,0.015625,0.015625,0.03125,0.015625,0.015625,0.015625,0.015625,0.0625,0.125,0.03125,0.015625,0.03125,0.25,0.25,0.5,0.5,1.0,0.5,1.0,0.25,0.25,0.25,?,?,?,?,?,?,?
9000.0,0.840238,1.5189888568388092E-8,9000.0,59.599999999999994,18.59434190376399,9000.0,91936.0,0.015625,0.0625,0.03125,0.03125,0.015625,0.03125,0.0625,0.0625,0.015625,0.015625,0.03125,0.015625,0.015625,0.03125,0.015625,0.015625,0.015625,0.015625,0.0625,0.125,0.03125,0.015625,0.03125,0.25,0.5,1.0,0.5,1.0,0.5,1.0,0.25,0.25,0.25,1.0,1.0,1.0,?,?,?,?
9500.0,0.88845,1.6401016157534388E-8,9500.0,62.2,24.008491749493384,9500.0,97104.0,0.015625,0.0625,0.03125,0.03125,0.015625,0.03125,0.0625,0.0625,0.015625,0.015625,0.03125,0.015625,0.015625,0.03125,0.015625,0.015625,0.015625,0.015625,0.0625,0.125,0.03125,0.015625,0.03125,0.25,0.5,1.0,0.5,1.0,0.5,1.0,0.25,0.125,0.125,1.0,1.0,1.0,1.0,0.5,?,?
10000.0,0.94027,1.7479062684708172E-8,10000.0,59.4,16.748687664041988,10000.0,80416.0,0.03125,0.015625,0.015625,0.015625,0.03125,0.03125,0.015625,0.015625,0.03125,0.0625,0.015625,0.015625,0.25,0.5,1.0,0.5,1.0,0.5,1.0,0.25,0.125,0.125,0.5,0.5,0.5,0.5,1.0,0.5,0.5,1.0,1.0,?,?,?,?,?,?,?,?,?
10500.0,0.988126,1.8533673096034264E-8,10500.0,56.8,11.735861392611952,10500.0,85184.0,0.03125,0.015625,0.015625,0.015625,0.03125,0.03125,0.015625,0.015625,0.03125,0.0625,0.015625,0.015625,0.25,0.5,1.0,0.5,1.0,0.5,1.0,0.25,0.125,0.125,0.5,0.5,0.5,0.5,0.5,0.5,0.5,1.0,0.5,1.0,0.5,?,?,?,?,?,?,?
11000.0,1.039519,1.9761317691041367E-8,11000.0,56.00000000000001,12.483093324846854,11000.0,92336.0,0.03125,0.015625,0.015625,0.015625,0.03125,0.03125,0.015625,0.015625,0.03125,0.0625,0.015625,0.015625,0.25,0.5,1.0,0.5,1.0,0.5,1.0,0.25,0.125,0.125,0.5,0.5,0.5,0.5,0.5,0.5,0.5,1.0,0.5,1.0,0.125,0.25,1.0,1.0,?,?,?,?
11500.0,1.087815,2.1058916337788107E-8,11500.0,58.599999999999994,18.052256532066497,11500.0,103856.0,0.03125,0.015625,0.015625,0.015625,0.03125,0.03125,0.015625,0.015625,0.03125,0.0625,0.015625,0.015625,0.25,0.25,0.5,0.25,0.5,0.25,0.5,0.125,0.0625,0.0625,0.25,0.25,0.25,0.25,0.25,0.25,0.25,1.0,0.25,1.0,0.0625,0.0625,0.5,0.25,0.25,0.5,0.5,1.0,1.0
12000.0,1.139875,2.2489752326574594E-8,12000.0,57.599999999999994,14.721073549051479,12000.0,106240.0,0.03125,0.015625,0.015625,0.015625,0.03125,0.03125,0.015625,0.015625,0.03125,0.0625,0.015625,0.015625,0.25,0.25,0.5,0.25,0.5,0.25,0.5,0.125,0.0625,0.0625,0.25,0.25,0.25,0.25,0.25,0.25,0.25,1.0,0.25,0.5,0.125,0.0625,0.0625,0.125,0.0625,0.25,0.125,0.25,1.0,1.0
12500.0,1.189712,2.3772437932590646E-8,12500.0,58.599999999999994,16.920854069674096,12500.0,99488.0,0.03125,0.015625,0.015625,0.015625,0.03125,0.125,0.125,0.25,0.125,0.25,0.125,0.25,0.0625,0.03125,0.03125,0.125,0.125,0.125,0.125,0.125,0.125,0.125,0.5,0.125,0.25,0.25,0.0625,0.03125,0.0625,0.125,0.125,0.0625,0.125,0.5,0.5,0.25,1.0,0.5,1.0,?,?,?
13000.0,1.240441,2.5015508031679528E-8,13000.0,55.2,10.440122824974422,13000.0,94720.0,0.015625,0.015625,0.0625,0.03125,0.125,0.0625,0.125,0.0625,0.0625,0.03125,0.015625,0.015625,0.0625,0.0625,0.0625,0.0625,0.0625,0.0625,0.0625,0.25,0.0625,0.125,0.125,0.03125,0.015625,0.03125,0.0625,0.0625,0.015625,0.125,0.125,0.0625,1.0,0.25,0.5,0.0625,1.0,?,?,?,?,?
13500.0,1.271994,2.5321645070281298E-8,13500.0,59.0,18.099590897468673,13500.0,37504.0,0.015625,0.015625,0.03125,0.015625,0.015625,0.015625,0.25,0.125,0.25,1.0,0.25,0.5,0.5,?,?,?,?,?,?,?,?,?,?,?,?,?,?,?,?,?,?,?,?,?,?,?,?,?,?,?,?,?
14000.0,1.290321,2.549945933537351E-8,14000.0,53.0,5.226649459590246,14000.0,37504.0,0.03125,0.03125,0.125,0.0625,0.125,0.5,0.125,0.5,1.0,1.0,0.5,0.5,0.5,?,?,?,?,?,?,?,?,?,?,?,?,?,?,?,?,?,?,?,?,?,?,?,?,?,?,?,?,?
14500.0,1.308481,2.56868533583151E-8,14500.0,56.599999999999994,13.09989107451783,14500.0,39888.0,0.015625,0.015625,0.0625,0.03125,0.0625,0.5,0.125,0.5,1.0,1.0,0.5,0.5,0.5,0.5,?,?,?,?,?,?,?,?,?,?,?,?,?,?,?,?,?,?,?,?,?,?,?,?,?,?,?,?
15000.0,1.329889,2.5905548363096186E-8,15000.0,54.0,8.30516042610194,15000.0,39488.0,0.0625,0.015625,0.0625,0.0625,0.125,0.0625,0.0625,0.0625,0.0625,1.0,1.0,0.5,1.0,1.0,?,?,?,?,?,?,?,?,?,?,?,?,?,?,?,?,?,?,?,?,?,?,?,?,?,?,?,?
15500.0,1.351634,2.6170169392393697E-8,15500.0,52.6,4.81927710843374,15500.0,47040.0,0.0625,0.03125,0.0625,0.125,0.25,0.25,0.125,0.25,1.0,1.0,0.5,1.0,0.5,0.25,0.5,1.0,0.5,?,?,?,?,?,?,?,?,?,?,?,?,?,?,?,?,?,?,?,?,?,?,?,?,?
16000.0,1.375661,2.6489711345897784E-8,16000.0,57.8,15.24198213252779,16000.0,51408.0,0.015625,0.015625,0.0625,0.125,0.125,0.0625,0.125,0.5,0.5,0.25,0.5,0.25,0.125,0.25,0.5,0.125,1.0,1.0,1.0,?,?,?,?,?,?,?,?,?,?,?,?,?,?,?,?,?,?,?,?,?,?,?
16500.0,1.403737,2.690063874754641E-8,16500.0,54.0,8.000000000000007,16500.0,56576.0,0.03125,0.0625,0.0625,0.03125,0.0625,0.5,0.5,0.25,0.5,0.125,0.0625,0.25,0.25,0.0625,0.5,1.0,1.0,1.0,1.0,1.0,0.5,?,?,?,?,?,?,?,?,?,?,?,?,?,?,?,?,?,?,?,?,?
17000.0,1.431939,2.72612302005291E-8,17000.0,61.8,22.672064777327932,17000.0,49424.0,0.03125,0.03125,0.03125,0.0625,0.015625,0.015625,0.03125,0.0625,0.0625,0.0625,0.125,0.125,0.0625,0.125,1.0,0.5,0.5,0.5,?,?,?,?,?,?,?,?,?,?,?,?,?,?,?,?,?,?,?,?,?,?,?,?
17500.0,1.455947,2.7464549789826076E-8,17500.0,56.39999999999999,13.336619651120252,17500.0,32736.0,0.015625,0.03125,0.015625,0.015625,0.015625,0.125,0.0625,0.0625,0.03125,0.5,1.0,?,?,?,?,?,?,?,?,?,?,?,?,?,?,?,?,?,?,?,?,?,?,?,?,?,?,?,?,?,?,?
18000.0,1.477152,2.7655014983481832E-8,18000.0,59.199999999999996,18.377798761263055,18000.0,34720.0,0.0625,0.125,0.125,0.0625,0.015625,0.015625,0.25,0.5,1.0,1.0,1.0,1.0,?,?,?,?,?,?,?,?,?,?,?,?,?,?,?,?,?,?,?,?,?,?,?,?,?,?,?,?,?,?
18500.0,1.498256,2.7844572986165684E-8,18500.0,54.0,8.080888817840307,18500.0,34720.0,0.03125,0.03125,0.0625,0.25,0.25,0.5,0.125,0.5,1.0,1.0,1.0,1.0,?,?,?,?,?,?,?,?,?,?,?,?,?,?,?,?,?,?,?,?,?,?,?,?,?,?,?,?,?,?
19000.0,1.521768,2.8145197985900774E-8,19000.0,54.6,9.168027145555252,19000.0,49424.0,0.03125,0.0625,0.125,0.5,0.5,0.5,0.125,0.5,0.25,0.5,0.125,0.25,1.0,0.5,1.0,1.0,1.0,1.0,?,?,?,?,?,?,?,?,?,?,?,?,?,?,?,?,?,?,?,?,?,?,?,?
19500.0,1.549634,2.858540556083123E-8,19500.0,50.8,0.8000516162332997,19500.0,61064.0,0.125,0.0625,0.25,1.0,1.0,0.5,0.0625,0.25,0.25,0.5,0.125,0.125,0.5,0.25,0.25,0.25,0.5,0.5,1.0,1.0,0.5,0.5,1.0,?,?,?,?,?,?,?,?,?,?,?,?,?,?,?,?,?,?,?
20000.0,1.579694,2.907787850747506E-8,20000.0,56.8,11.143289672875644,20000.0,63328.0,0.0625,0.03125,0.125,0.5,0.5,0.5,0.0625,0.25,0.125,0.5,0.125,0.125,0.5,0.25,0.25,0.25,0.5,0.5,1.0,1.0,0.25,0.25,0.5,1.0,?,?,?,?,?,?,?,?,?,?,?,?,?,?,?,?,?,?
20500.0,1.612972,2.964703951858812E-8,20500.0,56.8,13.487880292859538,20500.0,66112.0,0.03125,0.03125,0.03125,0.03125,0.015625,0.0625,0.015625,0.015625,0.0625,0.03125,0.03125,0.03125,0.03125,0.03125,0.0625,0.0625,0.015625,0.015625,0.0625,0.03125,0.25,0.5,1.0,1.0,1.0,?,?,?,?,?,?,?,?,?,?,?,?,?,?,?,?,?
21000.0,1.647828,3.0329178120527E-8,21000.0,54.800000000000004,8.15397620131349,21000.0,75648.0,0.0625,0.03125,0.03125,0.03125,0.015625,0.0625,0.015625,0.015625,0.03125,0.03125,0.015625,0.03125,0.03125,0.03125,0.0625,0.0625,0.015625,0.015625,0.0625,0.03125,0.125,0.5,0.5,0.5,0.25,0.5,1.0,1.0,1.0,?,?,?,?,?,?,?,?,?,?,?,?,?
21500.0,1.686427,3.112818500234021E-8,21500.0,51.4,2.4566473988439363,21500.0,80016.0,0.125,0.0625,0.0625,0.0625,0.03125,0.125,0.03125,0.03125,0.0625,0.0625,0.015625,0.03125,0.03125,0.03125,0.0625,0.125,0.015625,0.015625,0.0625,0.03125,0.125,0.5,0.5,0.5,0.125,0.25,0.25,1.0,0.5,1.0,1.0,?,?,?,?,?,?,?,?,?,?,?
22000.0,1.718225,3.149553264180819E-8,22000.0,54.2,7.290452131105075,22000.0,44656.0,0.03125,0.125,0.125,0.125,0.03125,0.125,0.0625,0.125,0.125,0.125,0.25,0.125,0.5,0.25,1.0,1.0,?,?,?,?,?,?,?,?,?,?,?,?,?,?,?,?,?,?,?,?,?,?,?,?,?,?
22500.0,1.740202,3.174942279441489E-8,22500.0,52.2,4.2560010255424245,22500.0,44656.0,0.03125,0.015625,0.015625,0.03125,0.015625,0.03125,0.03125,0.015625,0.03125,0.03125,0.5,0.25,1.0,0.25,0.25,0.25,?,?,?,?,?,?,?,?,?,?,?,?,?,?,?,?,?,?,?,?,?,?,?,?,?,?
23000.0,1.764642,3.206014288382397E-8,23000.0,54.800000000000004,8.841561794127136,23000.0,49144.0,0.03125,0.015625,0.015625,0.03125,0.03125,0.015625,0.015625,0.5,0.125,0.5,0.125,0.25,0.25,0.25,0.5,1.0,0.5,1.0,?,?,?,?,?,?,?,?,?,?,?,?,?,?,?,?,?,?,?,?,?,?,?,?
23500.0,1.791327,3.2467169033156496E-8,23500.0,52.2,0.6385738517311264,23500.0,58960.0,0.03125,0.015625,0.015625,0.03125,0.0625,0.03125,0.03125,1.0,0.125,0.5,0.25,0.5,0.25,0.125,0.5,1.0,0.25,1.0,1.0,0.5,1.0,1.0,?,?,?,?,?,?,?,?,?,?,?,?,?,?,?,?,?,?,?,?
24000.0,1.82241,3.276874598529603E-8,24000.0,51.800000000000004,-5.369010143406766,24000.0,37504.0,0.03125,0.015625,0.015625,0.015625,0.03125,0.03125,0.03125,0.015625,0.125,0.125,0.5,0.5,1.0,?,?,?,?,?,?,?,?,?,?,?,?,?,?,?,?,?,?,?,?,?,?,?,?,?,?,?,?,?
24500.0,1.83421,3.2831435584359693E-8,24500.0,51.0,-1.0225960745505451,24500.0,20536.0,0.25,0.25,0.125,0.5,1.0,1.0,?,?,?,?,?,?,?,?,?,?,?,?,?,?,?,?,?,?,?,?,?,?,?,?,?,?,?,?,?,?,?,?,?,?,?,?
25000.0,1.845728,3.2928145209120376E-8,25000.0,50.0,0.038385260060130905,25000.0,32456.0,0.125,0.125,0.125,0.125,0.25,1.0,0.25,0.5,0.5,0.5,1.0,?,?,?,?,?,?,?,?,?,?,?,?,?,?,?,?,?,?,?,?,?,?,?,?,?,?,?,?,?,?,?
25500.0,1.862755,3.3082845194472206E-8,25500.0,56.99999999999999,9.915194583179685,25500.0,35120.0,0.0625,0.125,0.125,0.0625,0.125,1.0,1.0,0.5,0.5,0.25,0.25,1.0,?,?,?,?,?,?,?,?,?,?,?,?,?,?,?,?,?,?,?,?,?,?,?,?,?,?,?,?,?,?
26000.0,1.883634,3.332405065910684E-8,26000.0,56.2,8.447877997391394,26000.0,44656.0,0.03125,0.0625,0.0625,0.03125,0.25,0.5,0.125,0.125,0.0625,0.0625,1.0,0.125,0.25,0.25,0.25,1.0,?,?,?,?,?,?,?,?,?,?,?,?,?,?,?,?,?,?,?,?,?,?,?,?,?,?
26500.0,1.906709,3.363093169199096E-8,26500.0,54.800000000000004,7.317793343285041,26500.0,51408.0,0.03125,0.03125,0.125,0.25,0.03125,0.03125,0.03125,0.03125,1.0,0.0625,0.125,0.25,0.125,0.5,0.5,1.0,1.0,1.0,1.0,?,?,?,?,?,?,?,?,?,?,?,?,?,?,?,?,?,?,?,?,?,?,?
27000.0,1.934193,3.401624388164944E-8,27000.0,52.6,2.9388637703951312,27000.0,54192.0,0.015625,0.015625,0.0625,0.125,0.015625,0.015625,0.015625,0.015625,1.0,0.015625,0.015625,0.03125,0.015625,0.0625,0.125,0.25,0.0625,0.03125,0.125,0.125,?,?,?,?,?,?,?,?,?,?,?,?,?,?,?,?,?,?,?,?,?,?
27500.0,1.958609,3.425136691994137E-8,27500.0,57.599999999999994,12.604709451883117,27500.0,37224.0,0.03125,0.0625,0.5,0.03125,0.03125,0.0625,0.0625,0.015625,0.0625,0.0625,1.0,1.0,1.0,?,?,?,?,?,?,?,?,?,?,?,?,?,?,?,?,?,?,?,?,?,?,?,?,?,?,?,?,?
28000.0,1.977591,3.4433571936355696E-8,28000.0,54.400000000000006,8.494003949206153,28000.0,37104.0,0.0625,0.0625,0.25,0.015625,0.015625,0.03125,0.25,0.25,1.0,1.0,1.0,0.5,1.0,?,?,?,?,?,?,?,?,?,?,?,?,?,?,?,?,?,?,?,?,?,?,?,?,?,?,?,?,?
28500.0,1.9953,3.4616312065886124E-8,28500.0,52.2,4.756591322090096,28500.0,39888.0,0.015625,0.015625,0.25,0.015625,0.015625,0.03125,0.25,0.25,1.0,0.5,1.0,0.25,0.03125,0.25,?,?,?,?,?,?,?,?,?,?,?,?,?,?,?,?,?,?,?,?,?,?,?,?,?,?,?,?
29000.0,2.011933,3.476571114940776E-8,29000.0,55.2,8.96233316534717,29000.0,34720.0,0.03125,0.03125,0.0625,0.25,0.125,0.25,0.03125,0.015625,0.5,0.5,1.0,1.0,?,?,?,?,?,?,?,?,?,?,?,?,?,?,?,?,?,?,?,?,?,?,?,?,?,?,?,?,?,?
29500.0,2.030973,3.4971958452628715E-8,29500.0,54.6,8.067390247853554,29500.0,41872.0,0.0625,0.03125,0.125,1.0,0.25,0.5,0.03125,0.03125,0.5,0.25,0.25,0.5,0.5,1.0,1.0,?,?,?,?,?,?,?,?,?,?,?,?,?,?,?,?,?,?,?,?,?,?,?,?,?,?,?
30000.0,2.050253,3.518140404174725E-8,30000.0,48.8,-5.452208729465665,30000.0,41992.0,0.03125,0.125,1.0,0.5,1.0,0.03125,0.0625,0.0625,0.0625,0.125,0.25,0.25,1.0,0.5,1.0,?,?,?,?,?,?,?,?,?,?,?,?,?,?,?,?,?,?,?,?,?,?,?,?,?,?,?
30500.0,2.069544,3.534337880917721E-8,30500.0,50.0,-0.4193512106556939,30500.0,32456.0,0.0625,0.03125,0.0625,0.03125,0.125,0.5,1.0,1.0,0.5,1.0,1.0,?,?,?,?,?,?,?,?,?,?,?,?,?,?,?,?,?,?,?,?,?,?,?,?,?,?,?,?,?,?,?
31000.0,2.088973,3.5531885021676615E-8,31000.0,52.800000000000004,4.906195603120374,31000.0,37504.0,0.015625,0.03125,0.0625,0.125,0.25,0.5,0.5,1.0,1.0,1.0,1.0,0.5,1.0,?,?,?,?,?,?,?,?,?,?,?,?,?,?,?,?,?,?,?,?,?,?,?,?,?,?,?,?,?
31500.0,2.105888,3.568556742328736E-8,31500.0,57.599999999999994,9.132991581943179,31500.0,35120.0,0.03125,0.0625,0.125,0.25,0.5,0.5,1.0,1.0,0.5,0.5,0.5,1.0,?,?,?,?,?,?,?,?,?,?,?,?,?,?,?,?,?,?,?,?,?,?,?,?,?,?,?,?,?,?
32000.0,2.123864,3.587106274026963E-8,32000.0,55.60000000000001,7.808840384711235,32000.0,39888.0,0.015625,0.03125,0.03125,0.0625,0.0625,0.25,0.125,0.0625,0.0625,0.03125,0.0625,0.015625,1.0,1.0,?,?,?,?,?,?,?,?,?,?,?,?,?,?,?,?,?,?,?,?,?,?,?,?,?,?,?,?
32500.0,2.140051,3.59870086900062E-8,32500.0,52.800000000000004,2.73175396079596,32500.0,27688.0,0.125,0.03125,0.25,0.125,0.5,1.0,0.5,0.5,1.0,?,?,?,?,?,?,?,?,?,?,?,?,?,?,?,?,?,?,?,?,?,?,?,?,?,?,?,?,?,?,?,?,?
33000.0,2.157602,3.6168118408984606E-8,33000.0,51.4,1.2002341920374748,33000.0,39888.0,0.125,0.03125,0.5,0.25,0.5,0.0625,0.25,0.125,0.25,0.5,0.125,1.0,0.5,1.0,?,?,?,?,?,?,?,?,?,?,?,?,?,?,?,?,?,?,?,?,?,?,?,?,?,?,?,?
33500.0,2.179306,3.6445626277062625E-8,33500.0,53.0,1.7295597484276848,33500.0,49424.0,1.0,0.125,1.0,0.5,1.0,0.03125,0.25,0.125,0.0625,0.25,0.03125,0.5,0.125,0.25,0.25,0.25,0.25,0.5,?,?,?,?,?,?,?,?,?,?,?,?,?,?,?,?,?,?,?,?,?,?,?,?
34000.0,2.204955,3.680521266741885E-8,34000.0,55.60000000000001,10.165101974749122,34000.0,54192.0,1.0,0.0625,0.5,0.25,0.5,0.0625,0.5,0.25,0.125,0.25,0.03125,1.0,0.125,0.25,0.25,0.25,0.25,0.25,0.5,1.0,?,?,?,?,?,?,?,?,?,?,?,?,?,?,?,?,?,?,?,?,?,?
34500.0,2.232992,3.7215569255252676E-8,34500.0,53.400000000000006,5.686344354133612,34500.0,56576.0,0.125,0.125,0.0625,0.125,0.015625,0.125,0.0625,0.0625,0.125,0.5,0.0625,0.0625,0.0625,0.0625,0.0625,0.03125,0.0625,0.125,0.0625,0.5,1.0,?,?,?,?,?,?,?,?,?,?,?,?,?,?,?,?,?,?,?,?,?
35000.0,2.26928,3.79007234548529E-8,35000.0,54.6,7.684549565670048,35000.0,72984.0,0.125,0.0625,0.03125,0.0625,0.015625,0.25,0.125,0.0625,0.125,0.5,0.0625,0.03125,0.03125,0.0625,0.03125,0.015625,0.03125,0.0625,0.03125,0.25,0.5,0.5,0.25,0.25,0.5,1.0,1.0,1.0,?,?,?,?,?,?,?,?,?,?,?,?,?,?
35500.0,2.308567,3.871803750180536E-8,35500.0,58.8,17.44678122595536,35500.0,80416.0,0.0625,0.125,0.0625,0.125,0.03125,0.5,0.25,0.125,0.25,1.0,0.125,0.03125,0.015625,0.125,0.0625,0.03125,0.0625,0.0625,0.03125,0.25,1.0,0.5,0.125,0.125,0.125,0.25,0.125,0.5,0.5,0.5,1.0,?,?,?,?,?,?,?,?,?,?,?
36000.0,2.351268,3.963271082275444E-8,36000.0,55.00000000000001,9.426123921164518,36000.0,82800.0,0.03125,0.0625,0.03125,0.0625,0.125,0.0625,0.0625,0.125,0.25,0.03125,0.015625,0.0625,0.03125,0.015625,0.03125,0.015625,0.125,0.5,0.5,0.0625,0.0625,0.0625,0.25,0.0625,0.5,0.5,0.25,1.0,0.125,0.0625,0.25,0.5,?,?,?,?,?,?,?,?,?,?
36500.0,2.394727,4.061407884168956E-8,36500.0,56.00000000000001,9.865617830219598,36500.0,87288.0,0.015625,0.03125,0.015625,0.03125,0.0625,0.03125,0.03125,0.0625,0.125,0.0625,0.03125,0.03125,0.125,0.125,0.015625,0.015625,0.015625,0.0625,0.015625,0.125,0.25,0.0625,0.25,0.125,0.0625,0.125,0.25,1.0,0.25,0.25,1.0,1.0,1.0,1.0,?,?,?,?,?,?,?,?
37000.0,2.427303,4.0910050341238575E-8,37000.0,52.0,1.8517306811490017,37000.0,35120.0,0.015625,0.03125,0.0625,0.03125,0.015625,0.25,0.03125,0.125,0.25,1.0,1.0,1.0,?,?,?,?,?,?,?,?,?,?,?,?,?,?,?,?,?,?,?,?,?,?,?,?,?,?,?,?,?,?
37500.0,2.444972,4.1048788815322844E-8,37500.0,53.800000000000004,2.875882946518696,37500.0,30352.0,0.015625,0.0625,0.0625,0.0625,0.125,0.25,0.5,0.5,0.5,1.0,?,?,?,?,?,?,?,?,?,?,?,?,?,?,?,?,?,?,?,?,?,?,?,?,?,?,?,?,?,?,?,?
38000.0,2.461675,4.1190243626220353E-8,38000.0,52.800000000000004,2.3873732276690434,38000.0,32736.0,0.0625,0.03125,0.0625,0.25,0.25,0.125,0.125,0.25,0.25,1.0,1.0,?,?,?,?,?,?,?,?,?,?,?,?,?,?,?,?,?,?,?,?,?,?,?,?,?,?,?,?,?,?,?
38500.0,2.480111,4.1389948210368546E-8,38500.0,55.00000000000001,8.836018281417132,38500.0,41872.0,0.125,0.0625,0.25,0.25,0.25,0.125,0.125,0.5,0.25,1.0,1.0,1.0,0.25,0.5,1.0,?,?,?,?,?,?,?,?,?,?,?,?,?,?,?,?,?,?,?,?,?,?,?,?,?,?,?
39000.0,2.503287,4.1698172471175586E-8,39000.0,58.199999999999996,15.671400903808902,39000.0,51408.0,0.25,0.125,0.25,0.25,0.25,0.125,0.125,0.5,0.5,0.5,0.5,1.0,0.25,0.25,1.0,1.0,0.5,0.25,1.0,?,?,?,?,?,?,?,?,?,?,?,?,?,?,?,?,?,?,?,?,?,?,?
39500.0,2.528803,4.208551958824197E-8,39500.0,59.199999999999996,17.853231106243147,39500.0,58680.0,0.25,0.125,0.25,0.25,0.25,0.125,0.125,0.5,0.5,0.5,0.5,1.0,0.25,0.25,0.5,0.5,0.25,0.125,0.125,0.0625,1.0,1.0,?,?,?,?,?,?,?,?,?,?,?,?,?,?,?,?,?,?,?,?
40000.0,2.55739,4.2521556932479135E-8,40000.0,50.6,1.1462235456088024,40000.0,58960.0,0.015625,0.015625,0.015625,0.015625,0.03125,0.03125,0.03125,0.03125,0.0625,0.015625,0.015625,0.03125,0.03125,0.03125,0.015625,0.015625,0.25,0.5,1.0,0.5,1.0,1.0,?,?,?,?,?,?,?,?,?,?,?,?,?,?,?,?,?,?,?,?
40500.0,2.57426,4.2643617145303216E-8,40500.0,56.2,12.104671696901597,40500.0,27968.0,0.125,1.0,0.5,0.25,1.0,0.5,0.5,0.5,0.5,?,?,?,?,?,?,?,?,?,?,?,?,?,?,?,?,?,?,?,?,?,?,?,?,?,?,?,?,?,?,?,?,?
41000.0,2.589009,4.2785190308673507E-8,41000.0,57.99999999999999,15.77765300393037,41000.0,37104.0,0.0625,0.25,0.25,0.0625,0.5,0.125,0.25,1.0,0.25,0.25,1.0,1.0,1.0,?,?,?,?,?,?,?,?,?,?,?,?,?,?,?,?,?,?,?,?,?,?,?,?,?,?,?,?,?
41500.0,2.60878,4.300140194387899E-8,41500.0,51.2,2.4998401636723933,41500.0,42272.0,0.25,1.0,1.0,0.125,1.0,0.125,0.125,0.5,0.125,0.03125,0.25,0.125,0.25,0.5,0.5,?,?,?,?,?,?,?,?,?,?,?,?,?,?,?,?,?,?,?,?,?,?,?,?,?,?,?
42000.0,2.630312,4.327448247828417E-8,42000.0,56.599999999999994,13.152755098773714,42000.0,49024.0,0.25,1.0,1.0,0.125,1.0,0.125,0.0625,0.25,0.0625,0.015625,0.125,0.125,0.125,0.5,0.5,1.0,1.0,1.0,?,?,?,?,?,?,?,?,?,?,?,?,?,?,?,?,?,?,?,?,?,?,?,?
42500.0,2.655417,4.362462374485201E-8,42500.0,60.6,20.08243273942816,42500.0,53912.0,0.0625,0.25,0.25,0.03125,0.25,0.03125,0.015625,0.0625,0.015625,0.03125,0.03125,0.03125,0.125,0.125,0.25,1.0,1.0,1.0,1.0,1.0,?,?,?,?,?,?,?,?,?,?,?,?,?,?,?,?,?,?,?,?,?,?
43000.0,2.67965,4.388963090462817E-8,43000.0,53.400000000000006,4.695680628272248,43000.0,42272.0,0.0625,0.0625,0.0625,0.03125,0.0625,0.0625,0.125,0.5,0.5,0.5,0.125,1.0,1.0,0.5,0.5,?,?,?,?,?,?,?,?,?,?,?,?,?,?,?,?,?,?,?,?,?,?,?,?,?,?,?
43500.0,2.704799,4.424220754040612E-8,43500.0,55.800000000000004,9.538935097255875,43500.0,54192.0,0.0625,0.0625,0.0625,0.03125,0.0625,0.0625,0.125,0.5,1.0,1.0,0.0625,0.5,0.5,0.125,0.25,0.5,0.5,0.5,1.0,1.0,?,?,?,?,?,?,?,?,?,?,?,?,?,?,?,?,?,?,?,?,?,?
44000.0,2.731854,4.465207763844066E-8,44000.0,58.4,14.988229139419296,44000.0,58560.0,0.015625,0.015625,0.015625,0.03125,0.03125,0.0625,0.5,1.0,1.0,0.0625,0.5,0.5,0.0625,0.25,0.25,0.125,0.25,0.5,0.5,1.0,1.0,1.0,?,?,?,?,?,?,?,?,?,?,?,?,?,?,?,?,?,?,?,?
44500.0,2.762858,4.520146740807427E-8,44500.0,57.599999999999994,14.527157786092099,44500.0,68496.0,0.03125,0.03125,0.03125,0.015625,0.03125,0.03125,0.25,0.5,0.5,0.0625,0.25,0.25,0.03125,0.125,0.125,0.0625,0.125,0.125,1.0,1.0,0.25,0.125,0.5,0.25,0.5,0.5,?,?,?,?,?,?,?,?,?,?,?,?,?,?,?,?
45000.0,2.798392,4.5894300652047E-8,45000.0,63.800000000000004,27.694864337988562,45000.0,75368.0,0.03125,0.03125,0.03125,0.015625,0.015625,0.25,0.25,0.25,0.0625,0.25,0.25,0.03125,0.0625,0.0625,0.0625,0.125,0.125,0.5,1.0,0.125,0.03125,0.125,0.0625,0.125,0.0625,0.25,1.0,1.0,1.0,?,?,?,?,?,?,?,?,?,?,?,?,?
45500.0,2.844481,4.682469626267751E-8,45500.0,55.400000000000006,11.019248571519787,45500.0,78032.0,0.03125,0.03125,0.03125,0.015625,0.015625,0.25,0.25,0.25,0.0625,0.25,0.25,0.03125,0.0625,0.0625,0.0625,0.125,0.125,0.5,1.0,0.125,0.03125,0.125,0.0625,0.125,0.0625,0.25,1.0,0.5,0.125,0.5,?,?,?,?,?,?,?,?,?,?,?,?
46000.0,2.886818,4.778072787448764E-8,46000.0,62.4,24.045314242311594,46000.0,87288.0,0.015625,0.015625,0.015625,0.015625,0.25,0.5,0.5,0.0625,0.125,0.125,0.015625,0.03125,0.03125,0.03125,0.125,0.125,0.5,1.0,0.125,0.015625,0.125,0.0625,0.125,0.0625,0.25,0.5,0.5,0.125,0.25,0.25,0.25,0.125,0.25,1.0,?,?,?,?,?,?,?,?
46500.0,2.927118,4.864397076889873E-8,46500.0,58.4,17.05480763095769,46500.0,82800.0,0.0625,0.25,0.125,0.015625,0.03125,0.03125,0.015625,0.015625,0.015625,0.0625,0.0625,0.25,0.5,0.0625,0.015625,0.125,0.0625,0.125,0.0625,0.25,0.5,0.5,0.125,0.25,0.25,0.25,0.125,0.25,1.0,1.0,0.25,0.5,?,?,?,?,?,?,?,?,?,?
47000.0,2.966224,4.940523598550095E-8,47000.0,62.4,24.32049465412855,47000.0,75248.0,0.015625,0.0625,0.03125,0.03125,0.03125,0.0625,0.25,0.03125,0.03125,0.125,0.0625,0.25,0.125,0.5,1.0,1.0,0.25,0.25,0.25,0.5,0.125,0.5,1.0,0.25,0.0625,0.25,1.0,1.0,1.0,?,?,?,?,?,?,?,?,?,?,?,?,?
47500.0,3.003675,5.0157381418264574E-8,47500.0,54.0,8.039726838005988,47500.0,77632.0,0.03125,0.03125,0.125,0.0625,0.03125,0.125,0.0625,0.25,0.5,0.5,0.125,0.125,0.125,0.25,0.0625,0.25,0.5,0.0625,0.015625,0.0625,0.25,0.25,1.0,1.0,1.0,0.5,1.0,0.5,1.0,1.0,?,?,?,?,?,?,?,?,?,?,?,?
48000.0,3.046038,5.1117068762994476E-8,48000.0,57.99999999999999,15.9206290738457,48000.0,87568.0,0.03125,0.03125,0.125,0.0625,0.03125,0.125,0.0625,0.125,0.25,0.25,0.0625,0.0625,0.0625,0.125,0.03125,0.125,0.25,0.03125,0.015625,0.03125,0.125,0.03125,0.25,0.5,1.0,0.25,1.0,0.5,0.5,1.0,0.5,0.5,1.0,1.0,?,?,?,?,?,?,?,?
48500.0,3.088708,5.2004761648260885E-8,48500.0,59.0,16.923326308964164,48500.0,80416.0,0.0625,0.0625,0.03125,0.125,0.0625,0.125,0.25,0.25,0.0625,0.125,0.0625,0.125,0.03125,0.125,0.5,0.0625,0.125,0.03125,0.25,0.5,1.0,0.5,1.0,0.25,0.5,1.0,0.5,0.25,1.0,0.5,1.0,?,?,?,?,?,?,?,?,?,?,?
49000.0,3.13087,5.295989555824134E-8,49000.0,56.39999999999999,12.64345707507853,49000.0,87568.0,0.03125,0.03125,0.015625,0.0625,0.03125,0.0625,0.125,0.125,0.03125,0.0625,0.03125,0.0625,0.015625,0.0625,0.25,0.03125,0.0625,0.015625,0.125,0.25,0.5,0.25,0.5,0.125,0.25,0.5,0.25,0.125,0.5,0.25,1.0,0.5,0.25,0.5,?,?,?,?,?,?,?,?
49500.0,3.172469,5.390227532014251E-8,49500.0,57.4,13.137805037191688,49500.0,87568.0,0.015625,0.015625,0.03125,0.015625,0.03125,0.0625,0.0625,0.015625,0.03125,0.015625,0.03125,0.03125,0.125,0.015625,0.03125,0.015625,0.125,0.25,0.5,0.25,0.5,0.125,0.125,0.25,0.125,0.0625,0.25,0.25,1.0,0.25,0.125,0.25,0.5,1.0,?,?,?,?,?,?,?,?
50000.0,3.224228,5.507106952369213E-8,50000.0,54.6,9.200000000000008,50000.0,87288.0,0.015625,0.03125,0.0625,0.0625,0.015625,0.03125,0.015625,0.03125,0.03125,0.125,0.03125,0.0625,0.03125,0.125,0.25,0.5,0.25,0.5,0.125,0.125,0.25,0.125,0.0625,0.25,0.25,1.0,0.25,0.0625,0.125,0.125,0.0625,0.0625,0.125,1.0,?,?,?,?,?,?,?,?
50500.0,3.271987,5.6123542330331275E-8,50500.0,56.39999999999999,13.33248521086443,50500.0,85184.0,0.015625,0.03125,0.03125,0.015625,0.015625,0.015625,0.0625,0.015625,0.03125,0.015625,0.0625,0.125,0.25,0.125,0.25,0.0625,0.0625,0.125,0.0625,0.03125,0.125,0.125,0.5,0.125,0.03125,0.0625,0.125,0.03125,0.015625,0.125,1.0,1.0,0.5,?,?,?,?,?,?,?,?,?
51000.0,3.321341,5.705539584573772E-8,51000.0,59.0,17.471819645732666,51000.0,72984.0,0.015625,0.015625,0.03125,0.0625,0.03125,0.0625,0.015625,0.015625,0.03125,0.015625,0.03125,0.03125,0.125,0.03125,0.015625,0.0625,0.015625,0.0625,0.5,0.5,0.5,1.0,0.5,0.5,0.5,1.0,1.0,1.0,?,?,?,?,?,?,?,?,?,?,?,?,?,?
51500.0,3.363589,5.777797275533279E-8,51500.0,55.60000000000001,11.086190323614241,51500.0,66112.0,0.015625,0.03125,0.015625,0.03125,0.015625,0.015625,0.015625,0.0625,0.03125,0.015625,0.0625,0.015625,0.0625,0.5,0.5,0.5,1.0,0.5,0.5,0.5,1.0,0.5,0.5,1.0,1.0,?,?,?,?,?,?,?,?,?,?,?,?,?,?,?,?,?
52000.0,3.403525,5.836248610168696E-8,52000.0,59.4,18.86750223813786,52000.0,56576.0,0.015625,0.015625,0.03125,0.015625,0.0625,0.0625,0.5,0.5,0.5,1.0,0.5,0.5,0.5,1.0,0.125,0.5,1.0,0.5,0.25,0.5,0.5,?,?,?,?,?,?,?,?,?,?,?,?,?,?,?,?,?,?,?,?,?
52500.0,3.433981,5.8770680762827405E-8,52500.0,57.8,15.480997244119706,52500.0,51808.0,0.03125,0.25,0.125,0.125,0.125,0.125,0.125,0.25,0.25,0.03125,0.25,0.5,0.25,0.0625,0.125,0.25,1.0,0.5,0.5,?,?,?,?,?,?,?,?,?,?,?,?,?,?,?,?,?,?,?,?,?,?,?
53000.0,3.464978,5.912877481844691E-8,53000.0,55.2,10.657306955966824,53000.0,44656.0,0.015625,0.015625,0.015625,0.015625,0.03125,0.015625,0.015625,0.125,0.015625,0.03125,0.0625,0.125,0.25,0.5,1.0,1.0,?,?,?,?,?,?,?,?,?,?,?,?,?,?,?,?,?,?,?,?,?,?,?,?,?,?
53500.0,3.490174,5.934215537375875E-8,53500.0,53.6,5.477420511399754,53500.0,32736.0,0.015625,0.015625,0.03125,0.0625,0.0625,0.0625,0.125,0.125,1.0,0.5,0.5,?,?,?,?,?,?,?,?,?,?,?,?,?,?,?,?,?,?,?,?,?,?,?,?,?,?,?,?,?,?,?
54000.0,3.510889,5.953036293801335E-8,54000.0,56.599999999999994,13.213885778275461,54000.0,35120.0,0.015625,0.03125,0.03125,0.0625,0.03125,0.0625,0.25,0.125,0.25,1.0,0.25,1.0,?,?,?,?,?,?,?,?,?,?,?,?,?,?,?,?,?,?,?,?,?,?,?,?,?,?,?,?,?,?
54500.0,3.532028,5.970938546376097E-8,54500.0,52.800000000000004,5.569782330345706,54500.0,32736.0,0.03125,0.03125,0.0625,0.25,0.125,0.25,1.0,0.25,1.0,1.0,1.0,?,?,?,?,?,?,?,?,?,?,?,?,?,?,?,?,?,?,?,?,?,?,?,?,?,?,?,?,?,?,?
55000.0,3.552863,5.993507677482235E-8,55000.0,54.2,8.029173628068376,55000.0,41872.0,0.015625,0.0625,0.03125,0.0625,0.25,0.0625,0.25,1.0,1.0,0.5,1.0,0.5,0.5,0.25,1.0,?,?,?,?,?,?,?,?,?,?,?,?,?,?,?,?,?,?,?,?,?,?,?,?,?,?,?
55500.0,3.579158,6.023885079142121E-8,55500.0,54.6,8.835341365461856,55500.0,44656.0,0.03125,0.03125,0.125,0.03125,0.125,1.0,1.0,0.125,0.25,0.125,0.25,0.125,0.5,0.5,1.0,0.5,?,?,?,?,?,?,?,?,?,?,?,?,?,?,?,?,?,?,?,?,?,?,?,?,?,?
56000.0,3.607321,6.059894358946218E-8,56000.0,59.4,18.768807221973237,56000.0,49424.0,0.03125,0.03125,0.0625,0.03125,0.125,1.0,1.0,0.125,0.25,0.125,0.25,0.125,0.5,0.5,1.0,0.5,1.0,0.5,?,?,?,?,?,?,?,?,?,?,?,?,?,?,?,?,?,?,?,?,?,?,?,?
56500.0,3.635331,6.102415101809635E-8,56500.0,55.800000000000004,11.262086023577792,56500.0,58680.0,0.015625,0.03125,0.25,0.25,0.03125,0.0625,0.03125,0.0625,0.03125,0.125,0.125,0.25,0.125,0.25,0.125,0.25,0.5,0.5,0.5,1.0,1.0,1.0,?,?,?,?,?,?,?,?,?,?,?,?,?,?,?,?,?,?,?,?
57000.0,3.667595,6.157596936242449E-8,57000.0,56.00000000000001,11.116857092066791,57000.0,66112.0,0.03125,0.25,0.25,0.03125,0.0625,0.03125,0.0625,0.015625,0.0625,0.0625,0.125,0.0625,0.0625,0.03125,0.125,0.125,0.125,0.125,0.25,0.25,0.25,0.25,0.5,1.0,1.0,?,?,?,?,?,?,?,?,?,?,?,?,?,?,?,?,?
57500.0,3.701072,6.210724053697455E-8,57500.0,57.199999999999996,14.514891985171921,57500.0,61344.0,0.125,0.125,0.03125,0.03125,0.03125,0.03125,0.0625,0.03125,0.03125,0.03125,0.125,0.125,0.25,0.25,0.5,0.0625,0.0625,0.125,0.0625,0.125,1.0,1.0,0.5,?,?,?,?,?,?,?,?,?,?,?,?,?,?,?,?,?,?,?
58000.0,3.731523,6.251536818428173E-8,58000.0,58.4,16.184458664431578,58000.0,51808.0,0.03125,0.03125,0.03125,0.0625,0.0625,0.125,0.125,0.5,0.0625,0.03125,0.125,0.0625,0.125,0.5,1.0,0.5,0.5,1.0,0.5,?,?,?,?,?,?,?,?,?,?,?,?,?,?,?,?,?,?,?,?,?,?,?
58500.0,3.758849,6.289846529149348E-8,58500.0,55.400000000000006,11.209148244887572,58500.0,54192.0,0.03125,0.03125,0.03125,0.03125,0.03125,0.0625,0.0625,0.25,0.03125,0.015625,0.03125,0.015625,0.03125,0.125,0.5,0.25,0.5,1.0,0.5,0.5,?,?,?,?,?,?,?,?,?,?,?,?,?,?,?,?,?,?,?,?,?,?
59000.0,3.785391,6.327057110352649E-8,59000.0,53.800000000000004,7.65614506380121,59000.0,54192.0,0.015625,0.015625,0.015625,0.015625,0.015625,0.03125,0.03125,0.0625,0.015625,0.015625,0.125,0.0625,0.5,1.0,0.5,0.25,1.0,0.25,0.5,0.5,?,?,?,?,?,?,?,?,?,?,?,?,?,?,?,?,?,?,?,?,?,?
59500.0,3.809607,6.3548573276235E-8,59500.0,51.4,1.7308314461339396,59500.0,44376.0,0.0625,0.03125,0.125,0.25,0.125,0.0625,0.125,0.015625,0.03125,0.0625,0.125,0.5,0.25,0.5,1.0,1.0,?,?,?,?,?,?,?,?,?,?,?,?,?,?,?,?,?,?,?,?,?,?,?,?,?,?
60000.0,3.832682,6.381514811681377E-8,60000.0,53.2,2.764157372471449,60000.0,44656.0,0.03125,0.015625,0.0625,0.125,0.0625,0.015625,0.03125,0.015625,0.5,0.125,0.25,0.5,1.0,1.0,0.5,0.5,?,?,?,?,?,?,?,?,?,?,?,?,?,?,?,?,?,?,?,?,?,?,?,?,?,?
60500.0,3.855699,6.405266178564893E-8,60500.0,53.800000000000004,6.574562396868042,60500.0,39888.0,0.015625,0.03125,0.015625,0.25,0.0625,0.03125,0.0625,0.5,0.25,0.03125,0.125,1.0,1.0,1.0,?,?,?,?,?,?,?,?,?,?,?,?,?,?,?,?,?,?,?,?,?,?,?,?,?,?,?,?
61000.0,3.877062,6.428473575454619E-8,61000.0,59.0,16.6395575797007,61000.0,41992.0,0.015625,0.0625,0.015625,0.015625,0.125,0.0625,0.03125,0.0625,0.5,0.125,0.25,0.25,1.0,1.0,1.0,?,?,?,?,?,?,?,?,?,?,?,?,?,?,?,?,?,?,?,?,?,?,?,?,?,?,?
61500.0,3.900211,6.453788851077358E-8,61500.0,52.0,4.036849849657729,61500.0,42272.0,0.015625,0.03125,0.015625,0.015625,0.125,0.03125,0.0625,0.0625,0.125,1.0,0.25,0.5,0.125,1.0,1.0,?,?,?,?,?,?,?,?,?,?,?,?,?,?,?,?,?,?,?,?,?,?,?,?,?,?,?
62000.0,3.92474,6.482126074325708E-8,62000.0,54.0,6.746675316250402,62000.0,44656.0,0.015625,0.03125,0.015625,0.0625,0.03125,0.015625,0.0625,0.0625,1.0,0.125,0.5,0.125,0.25,0.5,0.5,0.5,?,?,?,?,?,?,?,?,?,?,?,?,?,?,?,?,?,?,?,?,?,?,?,?,?,?
62500.0,3.95278,6.516248740048872E-8,62500.0,57.599999999999994,15.232550700530984,62500.0,47040.0,0.03125,0.0625,0.03125,0.015625,0.03125,0.0625,1.0,0.0625,0.25,0.015625,0.125,0.125,0.0625,0.125,0.25,0.5,0.5,?,?,?,?,?,?,?,?,?,?,?,?,?,?,?,?,?,?,?,?,?,?,?,?,?
63000.0,3.981052,6.552104828051395E-8,63000.0,58.8,17.411036451400793,63000.0,49024.0,0.03125,0.015625,0.015625,0.03125,0.5,0.03125,0.125,0.0625,0.0625,0.03125,0.0625,0.125,0.0625,0.0625,0.25,0.125,1.0,1.0,?,?,?,?,?,?,?,?,?,?,?,?,?,?,?,?,?,?,?,?,?,?,?,?
63500.0,4.008754,6.597575009903974E-8,63500.0,52.400000000000006,1.3479680997463142,63500.0,63448.0,0.0625,0.03125,0.03125,0.03125,0.5,0.125,0.125,0.0625,0.125,0.0625,0.125,0.125,0.0625,0.0625,0.0625,0.03125,0.125,0.5,0.25,0.5,0.5,1.0,0.5,1.0,?,?,?,?,?,?,?,?,?,?,?,?,?,?,?,?,?,?
64000.0,4.035171,6.619755754454269E-8,64000.0,53.0,3.292181069958851,64000.0,32456.0,0.015625,0.015625,0.03125,0.0625,0.125,0.125,0.25,0.125,1.0,1.0,1.0,?,?,?,?,?,?,?,?,?,?,?,?,?,?,?,?,?,?,?,?,?,?,?,?,?,?,?,?,?,?,?
64500.0,4.048107,6.628317574246063E-8,64500.0,53.6,2.756354369257606,64500.0,25584.0,0.015625,0.03125,0.015625,0.03125,0.015625,0.5,1.0,0.5,?,?,?,?,?,?,?,?,?,?,?,?,?,?,?,?,?,?,?,?,?,?,?,?,?,?,?,?,?,?,?,?,?,?
65000.0,4.061516,6.638019443800053E-8,65000.0,51.800000000000004,3.600000000000003,65000.0,27968.0,0.25,0.5,0.25,0.5,0.5,0.5,1.0,1.0,1.0,?,?,?,?,?,?,?,?,?,?,?,?,?,?,?,?,?,?,?,?,?,?,?,?,?,?,?,?,?,?,?,?,?
65500.0,4.078874,6.654734981556734E-8,65500.0,54.800000000000004,7.540747528965112,65500.0,37224.0,0.25,0.5,0.125,0.5,0.5,1.0,0.5,0.5,0.0625,0.125,1.0,1.0,1.0,?,?,?,?,?,?,?,?,?,?,?,?,?,?,?,?,?,?,?,?,?,?,?,?,?,?,?,?,?
66000.0,4.098357,6.67604119413429E-8,66000.0,56.00000000000001,4.967602591792661,66000.0,42272.0,0.5,1.0,0.0625,0.25,0.0625,0.25,0.25,0.25,0.03125,0.03125,0.125,0.125,0.5,0.25,0.5,?,?,?,?,?,?,?,?,?,?,?,?,?,?,?,?,?,?,?,?,?,?,?,?,?,?,?
66500.0,4.121752,6.707396966715656E-8,66500.0,52.0,3.2944362065630908,66500.0,51808.0,0.5,1.0,0.0625,0.25,0.0625,0.25,0.125,0.125,0.015625,0.015625,0.0625,0.0625,1.0,0.25,0.25,0.5,0.5,1.0,1.0,?,?,?,?,?,?,?,?,?,?,?,?,?,?,?,?,?,?,?,?,?,?,?
67000.0,4.149728,6.749866095681988E-8,67000.0,54.2,4.6183066209056625,67000.0,58680.0,0.25,0.5,0.03125,0.0625,0.015625,0.0625,0.03125,0.03125,0.015625,0.015625,0.25,0.0625,0.0625,0.125,0.125,0.5,0.5,0.5,0.125,0.25,1.0,1.0,?,?,?,?,?,?,?,?,?,?,?,?,?,?,?,?,?,?,?,?
67500.0,4.17042,6.767389791707201E-8,67500.0,50.4,-0.278191110823584,67500.0,32736.0,0.015625,0.03125,0.015625,0.25,0.0625,0.25,0.5,1.0,0.5,0.125,0.5,?,?,?,?,?,?,?,?,?,?,?,?,?,?,?,?,?,?,?,?,?,?,?,?,?,?,?,?,?,?,?
68000.0,4.18491,6.778767461578054E-8,68000.0,52.800000000000004,4.27672139658641,68000.0,30352.0,0.25,0.03125,0.25,0.5,0.015625,0.03125,0.125,1.0,0.5,1.0,?,?,?,?,?,?,?,?,?,?,?,?,?,?,?,?,?,?,?,?,?,?,?,?,?,?,?,?,?,?,?,?
68500.0,4.199994,6.791432576874895E-8,68500.0,51.6,3.3777848758284734,68500.0,32456.0,0.0625,0.03125,0.0625,0.03125,0.125,0.125,0.25,0.5,0.5,1.0,1.0,?,?,?,?,?,?,?,?,?,?,?,?,?,?,?,?,?,?,?,?,?,?,?,?,?,?,?,?,?,?,?
69000.0,4.217358,6.807082980871204E-8,69000.0,55.60000000000001,7.741409977226271,69000.0,34840.0,0.015625,0.015625,0.03125,0.0625,0.25,0.5,1.0,1.0,0.5,1.0,1.0,1.0,?,?,?,?,?,?,?,?,?,?,?,?,?,?,?,?,?,?,?,?,?,?,?,?,?,?,?,?,?,?
69500.0,4.235455,6.822409016390645E-8,69500.0,56.99999999999999,11.522633744855955,69500.0,32736.0,0.015625,0.125,0.5,1.0,1.0,1.0,0.5,0.5,0.5,0.5,1.0,?,?,?,?,?,?,?,?,?,?,?,?,?,?,?,?,?,?,?,?,?,?,?,?,?,?,?,?,?,?,?
70000.0,4.252408,6.83572065457702E-8,70000.0,52.400000000000006,2.4382245396559736,70000.0,30352.0,0.25,1.0,0.25,0.125,0.125,0.125,0.25,0.5,1.0,0.25,?,?,?,?,?,?,?,?,?,?,?,?,?,?,?,?,?,?,?,?,?,?,?,?,?,?,?,?,?,?,?,?
70500.0,4.273902,6.857900429517033E-8,70500.0,52.6,3.4481634781475194,70500.0,39888.0,0.25,1.0,0.25,0.125,0.25,0.125,0.25,0.25,0.25,0.5,0.5,0.5,0.5,1.0,?,?,?,?,?,?,?,?,?,?,?,?,?,?,?,?,?,?,?,?,?,?,?,?,?,?,?,?
71000.0,4.300881,6.894059753666324E-8,71000.0,54.400000000000006,5.496145237503107,71000.0,51808.0,0.125,0.5,0.125,0.0625,0.125,0.0625,0.125,0.125,0.0625,0.25,0.5,0.125,0.125,0.25,0.5,0.25,0.5,1.0,1.0,?,?,?,?,?,?,?,?,?,?,?,?,?,?,?,?,?,?,?,?,?,?,?
71500.0,4.338636,6.95835948425035E-8,71500.0,51.2,-2.2203602848764254,71500.0,65832.0,0.03125,0.125,0.03125,0.015625,0.03125,0.015625,0.03125,0.03125,0.015625,0.125,0.5,0.03125,0.0625,0.125,0.25,0.125,0.125,0.25,0.125,0.25,1.0,1.0,1.0,0.5,1.0,?,?,?,?,?,?,?,?,?,?,?,?,?,?,?,?,?
72000.0,4.362813,6.978659437348449E-8,72000.0,52.2,0.24375584346198975,72000.0,32456.0,0.015625,0.015625,0.5,0.0625,0.0625,0.015625,0.125,0.125,1.0,1.0,1.0,?,?,?,?,?,?,?,?,?,?,?,?,?,?,?,?,?,?,?,?,?,?,?,?,?,?,?,?,?,?,?
72500.0,4.380679,6.994706837253441E-8,72500.0,50.2,-1.765571358509069,72500.0,34720.0,0.125,0.015625,0.015625,0.25,0.125,0.5,0.5,1.0,0.5,1.0,1.0,1.0,?,?,?,?,?,?,?,?,?,?,?,?,?,?,?,?,?,?,?,?,?,?,?,?,?,?,?,?,?,?
73000.0,4.400134,7.018241250059673E-8,73000.0,50.2,-2.787226313529928,73000.0,46760.0,0.0625,0.015625,0.5,0.125,0.25,0.125,0.5,0.125,0.25,0.125,0.125,0.125,0.5,1.0,1.0,1.0,1.0,?,?,?,?,?,?,?,?,?,?,?,?,?,?,?,?,?,?,?,?,?,?,?,?,?
73500.0,4.424459,7.0536677311692E-8,73500.0,52.400000000000006,1.4378478664192849,73500.0,56296.0,0.03125,0.125,0.0625,0.125,0.0625,0.25,0.0625,0.0625,0.25,0.125,0.125,0.5,1.0,0.5,0.5,1.0,0.25,0.5,1.0,0.5,1.0,?,?,?,?,?,?,?,?,?,?,?,?,?,?,?,?,?,?,?,?,?
74000.0,4.45288,7.098771109763123E-8,74000.0,53.6,5.989140124807527,74000.0,61344.0,0.0625,0.03125,0.03125,0.015625,0.125,0.03125,0.03125,0.125,0.125,0.0625,0.5,1.0,0.5,0.5,1.0,0.25,0.5,1.0,0.25,0.25,0.25,0.5,0.5,?,?,?,?,?,?,?,?,?,?,?,?,?,?,?,?,?,?,?
74500.0,4.48624,7.161999816281931E-8,74500.0,53.0,6.0811458899510855,74500.0,73264.0,0.0625,0.03125,0.03125,0.015625,0.125,0.03125,0.03125,0.125,0.125,0.03125,0.25,0.5,0.25,0.25,0.5,0.125,0.25,0.5,0.125,0.125,0.25,0.25,1.0,0.5,1.0,0.5,0.25,1.0,?,?,?,?,?,?,?,?,?,?,?,?,?,?
75000.0,4.523674,7.228332730217116E-8,75000.0,56.2,11.02479929794912,75000.0,68496.0,0.015625,0.03125,0.03125,0.03125,0.0625,0.25,0.0625,0.0625,0.125,0.03125,0.0625,0.125,0.03125,0.03125,0.0625,0.0625,0.5,0.125,1.0,1.0,0.5,0.5,0.5,0.5,0.5,0.5,?,?,?,?,?,?,?,?,?,?,?,?,?,?,?,?
75500.0,4.56686,7.310185095916195E-8,75500.0,50.2,1.2907522516808247,75500.0,73264.0,0.015625,0.015625,0.015625,0.03125,0.125,0.03125,0.03125,0.0625,0.015625,0.03125,0.0625,0.015625,0.015625,0.0625,0.0625,0.5,0.125,1.0,1.0,0.5,0.5,0.25,0.5,0.5,0.5,0.5,1.0,0.25,?,?,?,?,?,?,?,?,?,?,?,?,?,?
76000.0,4.60744,7.37458448732893E-8,76000.0,55.2,8.837845317358257,76000.0,61344.0,0.03125,0.015625,0.03125,0.015625,0.015625,0.125,0.03125,0.125,0.125,0.0625,0.125,0.125,0.125,0.125,0.0625,0.125,0.25,0.03125,0.5,0.5,1.0,0.5,1.0,?,?,?,?,?,?,?,?,?,?,?,?,?,?,?,?,?,?,?
76500.0,4.646719,7.44147970962028E-8,76500.0,48.4,-4.605903340901735,76500.0,65832.0,0.0625,0.0625,0.25,0.0625,0.25,0.25,0.125,0.25,0.25,0.25,0.125,0.125,0.0625,0.125,0.03125,0.25,0.25,1.0,0.03125,0.125,0.5,0.5,1.0,1.0,1.0,?,?,?,?,?,?,?,?,?,?,?,?,?,?,?,?,?
77000.0,4.688439,7.50995909691685E-8,77000.0,57.99999999999999,10.05499494594731,77000.0,63448.0,0.03125,0.03125,0.0625,0.015625,0.03125,0.0625,0.03125,0.015625,0.03125,0.015625,0.03125,0.0625,0.03125,0.5,0.03125,0.0625,0.125,0.125,0.125,0.25,0.25,1.0,1.0,1.0,?,?,?,?,?,?,?,?,?,?,?,?,?,?,?,?,?,?
77500.0,4.731315,7.588579560526546E-8,77500.0,52.2,-0.10387347540545254,77500.0,70880.0,0.5,0.25,0.25,0.0625,0.25,0.5,0.25,0.125,0.25,0.0625,0.25,0.25,0.125,1.0,0.125,0.125,0.125,0.125,0.25,0.5,0.25,1.0,1.0,0.25,1.0,1.0,1.0,?,?,?,?,?,?,?,?,?,?,?,?,?,?,?
78000.0,4.777644,7.65605226117704E-8,78000.0,53.6,4.140153706305276,78000.0,56296.0,0.03125,0.015625,0.015625,0.015625,0.015625,0.015625,0.015625,0.03125,0.03125,0.015625,0.0625,0.0625,0.015625,0.0625,0.125,0.125,0.5,1.0,0.5,1.0,1.0,?,?,?,?,?,?,?,?,?,?,?,?,?,?,?,?,?,?,?,?,?
78500.0,4.8077,7.69262825407916E-8,78500.0,55.60000000000001,10.628019323671511,78500.0,47040.0,0.015625,0.03125,0.015625,0.0625,0.03125,0.0625,0.03125,0.015625,0.0625,0.5,0.25,0.5,1.0,0.5,1.0,0.5,0.5,?,?,?,?,?,?,?,?,?,?,?,?,?,?,?,?,?,?,?,?,?,?,?,?,?
79000.0,4.839183,7.734498397343692E-8,79000.0,54.800000000000004,8.795945051574677,79000.0,51408.0,0.015625,0.0625,0.015625,0.03125,0.015625,0.03125,0.25,0.125,0.25,0.5,0.25,0.5,0.25,0.25,0.125,0.5,0.5,1.0,1.0,?,?,?,?,?,?,?,?,?,?,?,?,?,?,?,?,?,?,?,?,?,?,?
79500.0,4.868591,7.769981505970164E-8,79500.0,56.39999999999999,12.79999999999999,79500.0,46640.0,0.0625,0.015625,0.0625,0.125,0.125,0.125,0.0625,0.0625,0.0625,0.125,0.25,1.0,1.0,1.0,0.5,1.0,1.0,?,?,?,?,?,?,?,?,?,?,?,?,?,?,?,?,?,?,?,?,?,?,?,?,?
80000.0,4.899522,7.813025174869435E-8,80000.0,54.6,9.446306047550676,80000.0,53792.0,0.015625,0.015625,0.03125,0.03125,0.03125,0.015625,0.015625,0.03125,0.03125,0.0625,0.125,0.25,0.125,0.25,0.25,0.5,0.25,1.0,1.0,1.0,?,?,?,?,?,?,?,?,?,?,?,?,?,?,?,?,?,?,?,?,?,?
80500.0,4.921374,7.832878960503476E-8,80500.0,57.599999999999994,15.118513773222277,80500.0,35120.0,0.03125,0.03125,0.125,0.03125,0.25,0.25,0.5,0.25,1.0,1.0,0.5,1.0,?,?,?,?,?,?,?,?,?,?,?,?,?,?,?,?,?,?,?,?,?,?,?,?,?,?,?,?,?,?
81000.0,4.942641,7.856136119200128E-8,81000.0,58.8,16.31459213519661,81000.0,42272.0,0.03125,0.03125,0.125,0.03125,0.25,0.5,1.0,0.5,0.5,1.0,0.25,1.0,1.0,1.0,1.0,?,?,?,?,?,?,?,?,?,?,?,?,?,?,?,?,?,?,?,?,?,?,?,?,?,?,?
81500.0,4.967743,7.886683449976979E-8,81500.0,56.8,13.59999999999999,81500.0,47040.0,0.0625,0.0625,0.25,0.0625,0.5,1.0,1.0,0.25,0.25,1.0,0.125,0.5,0.5,1.0,1.0,1.0,1.0,?,?,?,?,?,?,?,?,?,?,?,?,?,?,?,?,?,?,?,?,?,?,?,?,?
82000.0,4.996173,7.924787515567414E-8,82000.0,60.4,20.808869406626446,82000.0,51808.0,0.0625,0.0625,0.25,0.0625,0.5,1.0,1.0,0.25,0.25,1.0,0.125,0.5,0.5,1.0,1.0,1.0,1.0,0.5,0.5,?,?,?,?,?,?,?,?,?,?,?,?,?,?,?,?,?,?,?,?,?,?,?
82500.0,5.022141,7.964396490818929E-8,82500.0,55.00000000000001,9.449452672247265,82500.0,58960.0,0.03125,0.03125,0.125,0.03125,0.5,0.5,0.5,0.125,0.125,1.0,0.125,0.25,0.5,1.0,1.0,0.5,0.5,0.25,1.0,1.0,1.0,1.0,?,?,?,?,?,?,?,?,?,?,?,?,?,?,?,?,?,?,?,?
83000.0,5.053246,8.015677684297169E-8,83000.0,56.39999999999999,12.555154432410747,83000.0,63728.0,0.03125,0.25,0.25,0.25,0.0625,0.125,0.5,0.0625,0.25,0.5,1.0,1.0,0.5,0.5,0.25,1.0,0.5,0.5,0.25,0.125,0.25,0.5,1.0,1.0,?,?,?,?,?,?,?,?,?,?,?,?,?,?,?,?,?,?
83500.0,5.086708,8.080921073754633E-8,83500.0,57.99999999999999,12.317327766179528,83500.0,75368.0,0.0625,0.0625,0.125,0.015625,0.0625,0.125,0.015625,0.125,0.125,0.25,0.25,0.125,0.125,0.0625,0.25,0.125,0.0625,0.0625,0.015625,0.0625,0.125,0.25,0.5,0.125,0.5,0.25,0.25,1.0,1.0,?,?,?,?,?,?,?,?,?,?,?,?,?
84000.0,5.125434,8.159096995161644E-8,84000.0,59.4,17.640376501135982,84000.0,78032.0,0.015625,0.03125,0.03125,0.015625,0.03125,0.015625,0.015625,0.03125,0.03125,0.015625,0.015625,0.03125,0.015625,0.015625,0.015625,0.03125,0.03125,0.125,0.03125,0.125,0.0625,0.03125,0.25,0.5,0.5,1.0,0.5,1.0,1.0,1.0,?,?,?,?,?,?,?,?,?,?,?,?
84500.0,5.165367,8.20276691185104E-8,84500.0,56.2,12.377568657576347,84500.0,42272.0,0.03125,0.03125,0.015625,0.125,0.25,0.125,0.25,0.25,0.5,0.25,0.5,1.0,0.5,0.5,1.0,?,?,?,?,?,?,?,?,?,?,?,?,?,?,?,?,?,?,?,?,?,?,?,?,?,?,?
85000.0,5.186078,8.227970711059045E-8,85000.0,55.60000000000001,11.137440758293845,85000.0,47040.0,0.015625,0.03125,0.03125,0.25,0.0625,0.25,0.25,0.5,0.25,1.0,1.0,1.0,1.0,1.0,0.5,0.5,0.5,?,?,?,?,?,?,?,?,?,?,?,?,?,?,?,?,?,?,?,?,?,?,?,?,?
85500.0,5.208717,8.258313234481551E-8,85500.0,63.800000000000004,27.5513144833328,85500.0,51808.0,0.015625,0.03125,0.03125,0.25,0.0625,0.25,0.25,0.5,0.25,1.0,1.0,1.0,1.0,1.0,0.5,0.5,0.5,1.0,0.5,?,?,?,?,?,?,?,?,?,?,?,?,?,?,?,?,?,?,?,?,?,?,?
86000.0,5.233613,8.294494022097857E-8,86000.0,61.0,22.112158491771844,86000.0,56176.0,0.0625,0.015625,0.0625,0.0625,0.0625,0.03125,0.125,0.25,0.25,0.25,0.25,0.0625,0.125,0.125,0.0625,0.03125,0.5,0.5,0.25,1.0,1.0,?,?,?,?,?,?,?,?,?,?,?,?,?,?,?,?,?,?,?,?,?
86500.0,5.260552,8.337050369837223E-8,86500.0,59.199999999999996,18.290182004614195,86500.0,61064.0,0.0625,0.015625,0.0625,0.0625,0.0625,0.03125,0.125,0.25,0.25,0.25,0.125,0.03125,0.0625,0.0625,0.0625,0.03125,0.5,0.5,0.25,1.0,1.0,1.0,1.0,?,?,?,?,?,?,?,?,?,?,?,?,?,?,?,?,?,?,?
87000.0,5.291288,8.39151445176039E-8,87000.0,60.0,19.999999999999996,87000.0,68496.0,0.125,0.03125,0.125,0.125,0.125,0.0625,0.25,0.5,0.25,0.25,0.125,0.03125,0.0625,0.0625,0.03125,0.015625,1.0,1.0,0.25,0.5,0.5,1.0,0.5,1.0,0.25,0.25,?,?,?,?,?,?,?,?,?,?,?,?,?,?,?,?
87500.0,5.324899,8.452798149031075E-8,87500.0,60.0,19.664519031475443,87500.0,70480.0,0.0625,0.03125,0.03125,0.03125,0.015625,0.0625,0.125,0.0625,0.0625,0.03125,0.015625,0.015625,0.25,0.25,0.0625,0.125,0.125,0.25,0.125,0.25,0.03125,0.03125,1.0,0.5,0.5,1.0,1.0,?,?,?,?,?,?,?,?,?,?,?,?,?,?,?
88000.0,5.353147,8.494142632724516E-8,88000.0,60.199999999999996,18.241577649958913,88000.0,56576.0,0.015625,0.015625,0.03125,0.015625,0.015625,0.0625,0.0625,0.015625,0.03125,0.03125,0.0625,0.03125,0.0625,0.25,0.125,0.0625,0.25,0.5,1.0,1.0,0.5,?,?,?,?,?,?,?,?,?,?,?,?,?,?,?,?,?,?,?,?,?
88500.0,5.38299,8.537512782340255E-8,88500.0,58.199999999999996,13.407358302949929,88500.0,56176.0,0.015625,0.015625,0.03125,0.03125,0.015625,0.015625,0.03125,0.015625,0.03125,0.125,0.0625,0.03125,0.125,0.25,0.5,0.5,0.25,0.5,1.0,0.5,1.0,?,?,?,?,?,?,?,?,?,?,?,?,?,?,?,?,?,?,?,?,?
89000.0,5.407597,8.561387260547949E-8,89000.0,60.0,19.89105183048946,89000.0,37504.0,0.015625,0.015625,0.03125,0.0625,0.0625,0.03125,0.0625,0.125,0.5,0.5,1.0,0.5,1.0,?,?,?,?,?,?,?,?,?,?,?,?,?,?,?,?,?,?,?,?,?,?,?,?,?,?,?,?,?
89500.0,5.426223,8.580607530764414E-8,89500.0,61.0,21.8499519076627,89500.0,39888.0,0.015625,0.0625,0.03125,0.015625,0.0625,0.125,0.25,0.25,0.5,0.25,0.5,0.25,0.5,1.0,?,?,?,?,?,?,?,?,?,?,?,?,?,?,?,?,?,?,?,?,?,?,?,?,?,?,?,?
90000.0,5.445492,8.604056519559695E-8,90000.0,64.2,28.296747316135228,90000.0,47040.0,0.015625,0.0625,0.03125,0.015625,0.0625,0.125,0.125,0.125,0.125,0.125,0.5,0.25,0.5,1.0,0.5,1.0,0.5,?,?,?,?,?,?,?,?,?,?,?,?,?,?,?,?,?,?,?,?,?,?,?,?,?
90500.0,5.46834,8.63444272904761E-8,90500.0,62.6,24.12931286312442,90500.0,51408.0,0.015625,0.015625,0.0625,0.0625,0.125,0.125,0.125,0.5,0.125,0.25,0.5,0.25,0.5,0.25,0.25,1.0,0.5,1.0,1.0,?,?,?,?,?,?,?,?,?,?,?,?,?,?,?,?,?,?,?,?,?,?,?
91000.0,5.4925,8.668313863169823E-8,91000.0,63.4,26.788286125780132,91000.0,54192.0,0.015625,0.0625,0.125,0.125,0.125,0.125,0.03125,0.0625,0.125,0.0625,0.125,0.0625,0.0625,0.25,0.5,1.0,0.5,1.0,1.0,1.0,?,?,?,?,?,?,?,?,?,?,?,?,?,?,?,?,?,?,?,?,?,?
91500.0,5.517628,8.691144081246529E-8,91500.0,59.199999999999996,18.393471477718204,91500.0,35120.0,0.015625,0.03125,0.0625,0.03125,0.125,0.0625,0.0625,0.0625,1.0,0.125,0.25,1.0,?,?,?,?,?,?,?,?,?,?,?,?,?,?,?,?,?,?,?,?,?,?,?,?,?,?,?,?,?,?
92000.0,5.535947,8.712307177691004E-8,92000.0,60.6,21.1369095276221,92000.0,44656.0,0.03125,0.0625,0.25,0.0625,0.25,0.0625,0.03125,0.015625,0.5,0.125,0.25,1.0,0.25,1.0,0.5,0.5,?,?,?,?,?,?,?,?,?,?,?,?,?,?,?,?,?,?,?,?,?,?,?,?,?,?
92500.0,5.557908,8.736323280673896E-8,92500.0,61.4,22.713439051737943,92500.0,42272.0,0.015625,0.0625,0.015625,0.0625,0.015625,0.5,0.0625,0.0625,0.25,0.0625,0.5,0.25,0.125,0.0625,1.0,?,?,?,?,?,?,?,?,?,?,?,?,?,?,?,?,?,?,?,?,?,?,?,?,?,?,?
93000.0,5.580338,8.763386873114448E-8,93000.0,63.6,27.240745182697683,93000.0,46640.0,0.03125,0.03125,0.25,0.03125,0.03125,0.125,0.03125,0.25,0.25,0.0625,0.03125,1.0,0.125,0.5,0.5,0.5,1.0,?,?,?,?,?,?,?,?,?,?,?,?,?,?,?,?,?,?,?,?,?,?,?,?,?
93500.0,5.603905,8.797636255414957E-8,93500.0,63.6,27.209317207397447,93500.0,56176.0,0.03125,0.0625,0.25,0.0625,0.0625,0.25,0.0625,0.25,0.125,0.125,0.0625,0.5,0.0625,0.25,0.5,0.5,0.25,0.5,1.0,0.5,1.0,?,?,?,?,?,?,?,?,?,?,?,?,?,?,?,?,?,?,?,?,?
94000.0,5.634266,8.847690854842472E-8,94000.0,58.8,17.434869739478952,94000.0,63728.0,0.03125,0.0625,0.25,0.0625,0.0625,0.25,0.0625,0.25,0.125,0.125,0.0625,0.5,0.0625,0.25,0.5,0.5,0.25,0.5,1.0,0.125,1.0,1.0,1.0,1.0,?,?,?,?,?,?,?,?,?,?,?,?,?,?,?,?,?,?
94500.0,5.674304,8.92357667473456E-8,94500.0,61.0,21.952547148666373,94500.0,73264.0,0.03125,0.125,0.5,0.125,0.125,0.5,0.125,0.5,0.25,0.25,0.125,1.0,0.0625,0.5,0.5,0.5,0.5,0.5,1.0,0.125,0.5,0.5,0.5,0.5,0.5,0.5,0.5,0.5,?,?,?,?,?,?,?,?,?,?,?,?,?,?
95000.0,5.713953,9.006061172526751E-8,95000.0,63.800000000000004,27.745664739884397,95000.0,80416.0,0.0625,0.25,0.0625,0.0625,0.25,0.0625,0.25,0.125,0.125,0.0625,0.25,0.015625,0.125,0.125,0.125,0.125,0.125,0.25,0.03125,0.125,0.125,0.125,0.125,0.125,0.125,0.125,0.125,0.25,0.125,1.0,1.0,?,?,?,?,?,?,?,?,?,?,?
95500.0,5.762328,9.115649434220466E-8,95500.0,59.0,17.879118061786933,95500.0,87568.0,0.125,0.25,0.0625,0.0625,0.25,0.0625,0.25,0.125,0.125,0.0625,0.25,0.125,0.125,0.125,0.125,0.125,0.25,0.03125,0.125,0.125,0.125,0.125,0.0625,0.0625,0.0625,0.0625,0.25,0.0625,1.0,1.0,1.0,1.0,0.5,1.0,?,?,?,?,?,?,?,?
96000.0,5.808976,9.2040634840313E-8,96000.0,65.0,29.858594927373588,96000.0,73264.0,0.03125,0.03125,0.03125,0.03125,0.015625,0.015625,0.03125,0.015625,0.015625,0.015625,0.015625,0.015625,0.03125,0.015625,0.015625,0.015625,0.015625,0.125,0.03125,0.5,0.5,0.5,0.5,0.25,0.5,1.0,1.0,1.0,?,?,?,?,?,?,?,?,?,?,?,?,?,?
96500.0,5.838432,9.241725996757554E-8,96500.0,65.60000000000001,30.27064718569089,96500.0,49424.0,0.03125,0.0625,0.03125,0.0625,0.125,0.03125,0.5,0.5,0.5,0.5,0.5,0.25,1.0,0.25,0.5,0.5,0.5,1.0,?,?,?,?,?,?,?,?,?,?,?,?,?,?,?,?,?,?,?,?,?,?,?,?
97000.0,5.862731,9.272794756831402E-8,97000.0,67.0,32.74529624677993,97000.0,49424.0,0.03125,0.03125,0.125,0.03125,0.5,0.5,0.5,0.5,0.5,0.25,1.0,0.25,0.5,0.5,0.125,0.5,1.0,0.5,?,?,?,?,?,?,?,?,?,?,?,?,?,?,?,?,?,?,?,?,?,?,?,?
97500.0,5.889777,9.308764006735558E-8,97500.0,65.4,30.735722750712664,97500.0,51408.0,0.0625,0.25,0.25,0.25,0.125,0.125,0.0625,0.25,0.0625,0.125,0.125,0.03125,0.25,0.5,0.25,1.0,1.0,0.5,1.0,?,?,?,?,?,?,?,?,?,?,?,?,?,?,?,?,?,?,?,?,?,?,?
98000.0,5.919841,9.354620608397664E-8,98000.0,67.4,34.705976606313094,98000.0,58960.0,0.0625,0.5,0.5,0.5,0.25,0.125,0.125,0.5,0.125,0.25,0.125,0.0625,0.25,0.5,0.25,1.0,1.0,1.0,1.0,0.25,0.5,0.25,?,?,?,?,?,?,?,?,?,?,?,?,?,?,?,?,?,?,?,?
98500.0,5.955557,9.415706474954891E-8,98500.0,62.0,23.81105140749057,98500.0,66112.0,0.03125,0.25,0.5,0.25,0.125,0.0625,0.125,0.5,0.125,0.25,0.125,0.03125,0.125,0.25,0.125,0.5,0.25,0.25,0.25,0.03125,0.0625,0.015625,1.0,1.0,0.5,?,?,?,?,?,?,?,?,?,?,?,?,?,?,?,?,?
99000.0,5.997913,9.50090344270899E-8,99000.0,62.0,24.236382486641677,99000.0,77752.0,0.0625,0.25,1.0,0.5,0.25,0.125,0.25,1.0,0.25,0.5,0.25,0.0625,0.25,0.5,0.125,0.5,0.25,0.25,0.25,0.03125,0.0625,0.015625,1.0,1.0,1.0,1.0,1.0,1.0,1.0,1.0,?,?,?,?,?,?,?,?,?,?,?,?
99500.0,6.033267,9.5700918984496E-8,99500.0,64.4,28.415159899620356,99500.0,75648.0,0.015625,0.0625,0.25,0.125,0.0625,0.03125,0.0625,0.25,0.0625,0.125,0.0625,0.015625,0.125,0.125,0.03125,0.125,0.0625,0.0625,0.125,0.03125,0.25,0.25,0.5,0.5,1.0,1.0,0.5,1.0,0.5,?,?,?,?,?,?,?,?,?,?,?,?,?
100000.0,6.069686,9.650085232324077E-8,100000.0,62.0,23.366084248906954,100000.0,84904.0,0.015625,0.0625,0.25,0.125,0.0625,0.03125,0.0625,0.25,0.0625,0.125,0.0625,0.015625,0.125,0.125,0.03125,0.125,0.0625,0.0625,0.125,0.015625,0.125,0.125,0.25,0.25,1.0,1.0,0.5,1.0,0.5,1.0,0.5,1.0,1.0,?,?,?,?,?,?,?,?,?
