learning evaluation instances,evaluation time (cpu seconds),model cost (RAM-Hours),classified instances,classifications correct (percent),Kappa Statistic (percent),model training instances,model serialized size (bytes),member weight 1,member weight 2,member weight 3,member weight 4
500.0,0.058012,2.408443060186174E-10,500.0,60.6,21.42629227823867,500.0,16048.0,1.0,1.0,1.0,1.0
1000.0,0.108581,5.443521920177672E-10,1000.0,63.800000000000004,27.404864275171665,1000.0,23200.0,0.5,0.5,0.5,1.0,1.0,1.0,0.5
1500.0,0.14109,8.163012357221711E-10,1500.0,62.0,23.618704573229554,1500.0,32336.0,0.25,0.25,0.25,0.25,0.25,0.5,0.25,0.25,1.0,0.5,1.0
2000.0,0.17495,1.1239386060171658E-9,2000.0,69.19999999999999,37.609386141181034,2000.0,35120.0,0.25,0.25,0.25,0.25,0.125,0.5,0.125,0.25,1.0,0.5,1.0,0.5
2500.0,0.213776,1.5724774905376965E-9,2500.0,63.800000000000004,25.206611570247933,2500.0,44656.0,0.25,0.25,0.25,0.25,0.0625,0.25,0.0625,0.25,0.5,0.25,0.5,0.125,1.0,1.0,1.0,1.0
3000.0,0.25141,1.984035260975361E-9,3000.0,68.60000000000001,37.38434050156341,3000.0,42272.0,0.03125,0.03125,0.03125,0.015625,0.03125,0.015625,0.03125,0.015625,0.0625,0.125,0.25,0.125,0.125,0.5,1.0,?
3500.0,0.290633,2.5097319773501822E-9,3500.0,63.4,26.6709408559064,3500.0,51808.0,0.0625,0.03125,0.03125,0.015625,0.0625,0.03125,0.0625,0.015625,0.125,0.125,0.25,0.125,0.125,0.25,0.5,0.5,1.0,1.0,1.0
4000.0,0.333849,3.1689053732487893E-9,4000.0,63.6,25.93074932035358,4000.0,58960.0,0.03125,0.015625,0.015625,0.015625,0.0625,0.03125,0.0625,0.015625,0.125,0.0625,0.25,0.125,0.125,0.125,0.25,0.5,0.5,1.0,0.5,0.5,1.0,1.0
4500.0,0.379154,3.748176197210948E-9,4500.0,64.0,26.65753960492861,4500.0,49424.0,0.03125,0.015625,0.015625,0.015625,0.03125,0.03125,0.0625,0.125,0.0625,0.0625,0.125,0.5,0.5,0.5,0.5,1.0,1.0,1.0,?,?,?,?
5000.0,0.421345,4.365694291061826E-9,5000.0,66.0,31.640153769442353,5000.0,56576.0,0.0625,0.03125,0.03125,0.03125,0.0625,0.0625,0.125,0.25,0.125,0.125,0.125,0.5,0.5,0.5,1.0,1.0,1.0,1.0,1.0,1.0,1.0,?
5500.0,0.467628,5.100193313426442E-9,5500.0,67.4,34.60538562762782,5500.0,61344.0,0.03125,0.015625,0.015625,0.03125,0.0625,0.015625,0.03125,0.0625,0.125,0.0625,0.125,0.5,0.5,0.25,0.5,0.5,0.5,0.25,0.5,1.0,1.0,0.25,0.25
6000.0,0.517175,5.947606638073922E-9,6000.0,66.0,31.579625217335323,6000.0,66112.0,0.03125,0.015625,0.015625,0.03125,0.0625,0.015625,0.03125,0.0625,0.125,0.0625,0.125,0.5,0.5,0.25,0.5,0.5,0.5,0.25,0.5,1.0,1.0,0.25,0.25,0.5,1.0
6500.0,0.566426,6.784860901534558E-9,6500.0,69.6,39.16788064097842,6500.0,65712.0,0.015625,0.015625,0.03125,0.015625,0.03125,0.0625,0.03125,0.0625,0.25,0.25,0.125,0.25,0.25,0.25,0.125,0.25,0.5,0.5,0.125,0.125,0.25,0.5,0.5,1.0,1.0
7000.0,0.611437,7.637974603308572E-9,7000.0,67.80000000000001,34.09202554445719,7000.0,73264.0,0.03125,0.015625,0.03125,0.015625,0.03125,0.0625,0.03125,0.0625,0.25,0.25,0.125,0.25,0.25,0.25,0.125,0.25,0.5,0.5,0.25,0.125,0.5,1.0,0.5,0.0625,0.5,1.0,0.25,0.5
7500.0,0.654847,8.487516625059975E-9,7500.0,70.0,39.99999999999999,7500.0,75648.0,0.0625,0.03125,0.0625,0.03125,0.0625,0.125,0.0625,0.125,0.5,0.5,0.25,0.5,0.5,0.5,0.25,0.5,1.0,1.0,0.25,0.125,0.5,1.0,0.5,0.03125,0.25,0.5,0.125,0.25,1.0
8000.0,0.706262,9.553413355929983E-9,8000.0,68.0,35.93337070553377,8000.0,80136.0,0.015625,0.015625,0.015625,0.03125,0.015625,0.03125,0.125,0.125,0.0625,0.125,0.125,0.125,0.0625,0.125,0.25,0.25,0.0625,0.03125,0.125,0.25,0.125,0.0625,0.125,0.03125,0.0625,0.5,0.5,0.5,1.0,0.5,1.0
8500.0,0.760749,1.0518921044551663E-8,8500.0,61.8,23.457937932803276,8500.0,68496.0,0.03125,0.03125,0.015625,0.03125,0.03125,0.03125,0.015625,0.03125,0.0625,0.0625,0.015625,0.03125,0.0625,0.03125,0.015625,0.03125,0.25,0.125,0.125,0.25,0.25,1.0,0.25,0.25,0.25,0.25,?,?,?,?,?
9000.0,0.808257,1.1121443338278266E-8,9000.0,59.199999999999996,13.405212666610067,9000.0,49024.0,0.015625,0.015625,0.015625,0.0625,0.03125,0.03125,0.0625,0.0625,0.25,0.0625,0.0625,0.0625,0.0625,0.125,1.0,1.0,1.0,1.0,?,?,?,?,?,?,?,?,?,?,?,?,?
9500.0,0.841269,1.1543535567406149E-8,9500.0,59.8,14.590202943875981,9500.0,49424.0,0.015625,0.015625,0.015625,0.0625,0.015625,0.015625,0.015625,0.015625,0.03125,0.25,0.25,0.25,0.5,0.25,1.0,0.25,1.0,1.0,?,?,?,?,?,?,?,?,?,?,?,?,?
10000.0,0.873762,1.1758593707862826E-8,10000.0,63.800000000000004,27.474676240543666,10000.0,25584.0,0.015625,0.0625,0.015625,0.125,0.125,0.5,0.5,1.0,?,?,?,?,?,?,?,?,?,?,?,?,?,?,?,?,?,?,?,?,?,?,?
10500.0,0.891264,1.1863638201935422E-8,10500.0,67.4,34.768688970705945,10500.0,23200.0,0.03125,0.0625,0.25,0.5,0.25,1.0,0.5,?,?,?,?,?,?,?,?,?,?,?,?,?,?,?,?,?,?,?,?,?,?,?,?
11000.0,0.905295,1.1973810794038904E-8,11000.0,62.8,24.460256347775232,11000.0,30352.0,0.03125,0.0625,0.25,0.5,0.25,0.5,0.5,0.0625,0.125,1.0,?,?,?,?,?,?,?,?,?,?,?,?,?,?,?,?,?,?,?,?,?
11500.0,0.924269,1.2157902454750404E-8,11500.0,66.8,33.37828292557632,11500.0,37504.0,0.0625,0.25,0.125,0.125,0.125,0.015625,1.0,0.125,0.125,0.5,0.25,0.25,0.5,?,?,?,?,?,?,?,?,?,?,?,?,?,?,?,?,?,?
12000.0,0.950413,1.24760561539895E-8,12000.0,58.199999999999996,15.109666937449212,12000.0,47040.0,0.015625,0.0625,0.03125,0.015625,0.015625,0.5,0.0625,0.015625,0.125,0.0625,0.0625,0.125,1.0,0.5,0.25,0.25,0.5,?,?,?,?,?,?,?,?,?,?,?,?,?,?
12500.0,0.977439,1.2804943159636524E-8,12500.0,64.2,28.04077957162153,12500.0,47040.0,0.03125,0.015625,0.25,0.03125,0.03125,0.015625,0.015625,0.0625,0.5,0.25,0.125,0.125,0.25,0.25,0.25,1.0,1.0,?,?,?,?,?,?,?,?,?,?,?,?,?,?
13000.0,1.000603,1.3043973729428318E-8,13000.0,57.199999999999996,14.335580356428018,13000.0,39888.0,0.0625,0.03125,0.015625,0.015625,0.015625,0.015625,0.015625,0.25,0.125,0.25,1.0,1.0,1.0,0.5,?,?,?,?,?,?,?,?,?,?,?,?,?,?,?,?,?
13500.0,1.022152,1.3250818945881393E-8,13500.0,64.4,28.795442908346132,13500.0,37104.0,0.03125,0.015625,0.25,0.0625,0.25,1.0,1.0,1.0,0.25,0.5,0.5,1.0,1.0,?,?,?,?,?,?,?,?,?,?,?,?,?,?,?,?,?,?
14000.0,1.046061,1.350980879738927E-8,14000.0,64.2,28.133230551808303,14000.0,41872.0,0.03125,0.25,0.0625,0.25,1.0,1.0,1.0,0.25,0.5,0.25,0.5,0.5,0.5,1.0,1.0,?,?,?,?,?,?,?,?,?,?,?,?,?,?,?,?
14500.0,1.069904,1.3812198690656158E-8,14500.0,64.60000000000001,28.940775950668034,14500.0,49024.0,0.015625,0.125,0.03125,0.125,0.5,0.5,0.5,0.125,0.25,0.125,0.25,0.25,0.25,0.5,0.25,1.0,1.0,1.0,?,?,?,?,?,?,?,?,?,?,?,?,?
15000.0,1.098637,1.4229768810586797E-8,15000.0,66.2,32.45619644455813,15000.0,56176.0,0.03125,0.03125,0.125,0.0625,0.0625,0.015625,0.03125,0.015625,0.03125,0.03125,0.0625,0.125,0.0625,0.25,0.5,0.5,0.5,0.5,0.5,1.0,1.0,?,?,?,?,?,?,?,?,?,?
15500.0,1.125667,1.4623428742504782E-8,15500.0,61.4,22.45757264078169,15500.0,56296.0,0.015625,0.015625,0.0625,0.03125,0.03125,0.015625,0.015625,0.015625,0.03125,0.03125,0.015625,0.125,0.25,0.25,0.25,0.25,0.5,1.0,1.0,0.25,1.0,?,?,?,?,?,?,?,?,?,?
16000.0,1.152206,1.4962757037331662E-8,16000.0,62.6,25.21196608542633,16000.0,49424.0,0.03125,0.015625,0.015625,0.015625,0.015625,0.0625,0.125,0.125,0.125,0.125,0.25,0.5,0.5,0.125,0.25,1.0,1.0,0.5,?,?,?,?,?,?,?,?,?,?,?,?,?
16500.0,1.177532,1.5315194384505353E-8,16500.0,68.0,35.102861963787404,16500.0,53792.0,0.03125,0.015625,0.015625,0.015625,0.015625,0.0625,0.125,0.125,0.125,0.125,0.25,0.5,0.5,0.125,0.125,0.5,0.25,0.5,1.0,1.0,?,?,?,?,?,?,?,?,?,?,?
17000.0,1.201689,1.5609167721122503E-8,17000.0,65.60000000000001,28.837401737691348,17000.0,47040.0,0.015625,0.015625,0.015625,0.015625,0.0625,0.0625,0.0625,0.015625,0.015625,0.0625,0.03125,0.125,0.125,0.5,1.0,1.0,1.0,?,?,?,?,?,?,?,?,?,?,?,?,?,?
17500.0,1.223142,1.5830542389303447E-8,17500.0,63.800000000000004,27.3489178601246,17500.0,39888.0,0.03125,0.03125,0.03125,0.03125,0.015625,0.0625,0.0625,0.25,1.0,0.5,1.0,0.5,1.0,1.0,?,?,?,?,?,?,?,?,?,?,?,?,?,?,?,?,?
18000.0,1.244618,1.6077089079966148E-8,18000.0,66.0,32.03153736666188,18000.0,44376.0,0.03125,0.03125,0.03125,0.0625,0.0625,0.125,0.25,1.0,1.0,1.0,0.5,0.25,0.0625,0.25,0.5,1.0,?,?,?,?,?,?,?,?,?,?,?,?,?,?,?
18500.0,1.266268,1.628714412657751E-8,18500.0,64.0,27.498872204678744,18500.0,37504.0,0.0625,0.0625,0.125,0.25,1.0,1.0,1.0,0.25,0.125,0.03125,0.25,0.03125,0.0625,?,?,?,?,?,?,?,?,?,?,?,?,?,?,?,?,?,?
19000.0,1.290261,1.6606233904345167E-8,19000.0,65.8,31.32309471790259,19000.0,51408.0,0.015625,0.015625,0.03125,0.0625,0.25,0.25,0.25,0.25,0.125,0.015625,0.25,0.015625,0.5,0.5,0.5,1.0,0.5,1.0,1.0,?,?,?,?,?,?,?,?,?,?,?,?
19500.0,1.312613,1.6848357839302883E-8,19500.0,62.6,24.863387978142075,19500.0,41872.0,0.015625,0.0625,0.0625,0.03125,0.03125,0.015625,0.03125,0.125,0.125,0.25,1.0,0.25,1.0,1.0,1.0,?,?,?,?,?,?,?,?,?,?,?,?,?,?,?,?
20000.0,1.336155,1.7120327715658477E-8,20000.0,66.0,31.97387796914016,20000.0,44656.0,0.03125,0.03125,0.015625,0.015625,0.015625,0.0625,0.0625,0.125,0.5,0.125,0.5,0.5,1.0,1.0,1.0,1.0,?,?,?,?,?,?,?,?,?,?,?,?,?,?,?
20500.0,1.359457,1.7387113684995305E-8,20500.0,53.800000000000004,7.600000000000007,20500.0,44256.0,0.0625,0.0625,0.125,0.5,0.125,0.25,0.25,0.25,0.25,0.5,0.25,0.5,1.0,0.5,1.0,1.0,?,?,?,?,?,?,?,?,?,?,?,?,?,?,?
21000.0,1.383727,1.772485570568177E-8,21000.0,69.19999999999999,38.39999999999999,21000.0,53792.0,0.03125,0.03125,0.0625,0.25,0.0625,0.125,0.125,0.125,0.125,0.5,0.25,1.0,1.0,0.5,0.5,1.0,1.0,1.0,1.0,1.0,?,?,?,?,?,?,?,?,?,?,?
21500.0,1.410856,1.810519096958968E-8,21500.0,64.8,30.48094545914176,21500.0,54192.0,0.015625,0.0625,0.015625,0.0625,0.0625,0.125,0.125,0.5,0.125,0.5,0.5,0.25,0.25,0.5,1.0,1.0,1.0,1.0,1.0,0.5,?,?,?,?,?,?,?,?,?,?,?
22000.0,1.440194,1.8570777304056614E-8,22000.0,65.0,30.467260012714554,22000.0,61344.0,0.015625,0.0625,0.015625,0.125,0.125,0.125,0.125,0.5,0.125,0.5,0.5,0.25,0.25,0.5,1.0,0.5,0.5,0.5,0.5,0.5,1.0,1.0,0.5,?,?,?,?,?,?,?,?
22500.0,1.471279,1.9102430950022402E-8,22500.0,67.4,34.6703860459151,22500.0,66112.0,0.015625,0.0625,0.015625,0.125,0.125,0.125,0.125,0.5,0.125,0.5,0.5,0.25,0.25,0.5,1.0,0.25,0.25,0.25,0.5,0.25,1.0,1.0,0.5,1.0,1.0,?,?,?,?,?,?
23000.0,1.507382,1.9784092162218353E-8,23000.0,71.39999999999999,42.4538020732728,23000.0,72984.0,0.03125,0.125,0.125,0.125,0.125,0.5,0.125,0.25,0.25,0.125,0.125,0.25,1.0,0.25,0.25,0.25,0.25,0.125,0.5,1.0,0.5,0.5,0.5,0.5,0.25,1.0,1.0,1.0,?,?,?
23500.0,1.545591,2.0555414731303846E-8,23500.0,66.4,33.07732755461369,23500.0,78032.0,0.03125,0.125,0.125,0.125,0.125,0.5,0.125,0.25,0.25,0.125,0.125,0.25,1.0,0.25,0.25,0.25,0.25,0.125,0.5,1.0,1.0,0.5,0.5,0.5,0.25,1.0,1.0,1.0,1.0,1.0,?
24000.0,1.586182,2.1424890967706832E-8,24000.0,65.60000000000001,31.34938374097963,24000.0,82800.0,0.03125,0.125,0.125,0.125,0.125,0.25,0.0625,0.125,0.125,0.0625,0.0625,0.125,0.5,0.125,0.125,0.125,0.125,0.0625,0.25,0.5,0.5,0.25,0.25,0.5,0.25,1.0,1.0,1.0,0.5,0.5,1.0,1.0
24500.0,1.628375,2.2276638282669908E-8,24500.0,68.2,36.265392508978984,24500.0,78032.0,0.015625,0.015625,0.015625,0.015625,0.03125,0.015625,0.015625,0.015625,0.0625,0.015625,0.03125,0.03125,0.015625,0.015625,0.0625,0.03125,0.015625,0.03125,0.125,0.0625,0.25,0.5,1.0,0.5,0.5,0.5,0.5,0.5,0.5,0.5,?,?
25000.0,1.669499,2.2903902414772238E-8,25000.0,67.60000000000001,35.08366993652626,25000.0,58960.0,0.015625,0.03125,0.015625,0.015625,0.03125,0.015625,0.015625,0.0625,0.03125,0.125,0.25,0.5,0.25,0.25,0.25,0.25,0.5,0.5,0.5,0.25,1.0,1.0,?,?,?,?,?,?,?,?,?,?
25500.0,1.699847,2.3401093665096486E-8,25500.0,67.4,34.968561488621496,25500.0,63328.0,0.015625,0.03125,0.015625,0.015625,0.03125,0.015625,0.015625,0.0625,0.03125,0.125,0.25,0.5,0.25,0.25,0.25,0.25,1.0,1.0,1.0,0.25,1.0,0.5,0.5,1.0,?,?,?,?,?,?,?,?
26000.0,1.730952,2.383717049741082E-8,26000.0,70.39999999999999,40.79999999999999,26000.0,54192.0,0.015625,0.03125,0.0625,0.125,0.0625,0.0625,0.0625,0.0625,0.25,0.25,0.25,0.0625,0.25,0.125,0.125,0.25,0.5,1.0,1.0,1.0,?,?,?,?,?,?,?,?,?,?,?,?
26500.0,1.759018,2.424795153654283E-8,26500.0,69.0,36.765665796344635,26500.0,56576.0,0.03125,0.0625,0.125,0.0625,0.0625,0.0625,0.0625,0.25,0.25,0.25,0.0625,0.25,0.125,0.125,0.25,0.25,0.5,0.5,1.0,1.0,0.5,?,?,?,?,?,?,?,?,?,?,?
27000.0,1.788156,2.472833456678522E-8,27000.0,72.0,42.978168784620394,27000.0,63728.0,0.0625,0.125,0.25,0.125,0.125,0.125,0.125,0.5,0.5,0.5,0.125,0.5,0.25,0.25,0.5,0.25,0.5,0.5,1.0,1.0,0.5,1.0,1.0,0.5,?,?,?,?,?,?,?,?
27500.0,1.826569,2.5432702480918822E-8,27500.0,68.2,36.02742371572036,27500.0,70880.0,0.0625,0.125,0.25,0.125,0.125,0.125,0.125,0.5,0.5,0.5,0.125,0.5,0.25,0.25,0.5,0.25,0.5,0.5,1.0,1.0,0.5,1.0,1.0,0.5,1.0,1.0,0.25,?,?,?,?,?
28000.0,1.863569,2.6156799573865192E-8,28000.0,72.2,44.39999999999999,28000.0,75648.0,0.0625,0.125,0.25,0.125,0.125,0.125,0.125,0.5,0.5,0.5,0.125,0.5,0.25,0.25,0.5,0.25,0.5,0.5,1.0,1.0,0.5,0.5,1.0,0.25,1.0,0.5,0.125,0.25,0.5,?,?,?
28500.0,1.90279,2.6994088815732123E-8,28500.0,71.6,43.04965107884816,28500.0,82520.0,0.0625,0.125,0.25,0.125,0.125,0.125,0.125,0.5,0.5,0.5,0.125,0.5,0.25,0.25,0.5,0.25,0.5,0.5,1.0,1.0,0.5,0.5,1.0,0.25,1.0,0.5,0.125,0.25,0.5,0.5,0.5,1.0
29000.0,1.94453,2.7913919945971823E-8,29000.0,69.19999999999999,37.74558155328815,29000.0,85184.0,0.0625,0.125,0.25,0.125,0.125,0.125,0.125,0.5,0.5,0.5,0.125,0.5,0.25,0.25,0.5,0.25,0.25,0.5,1.0,0.5,0.25,0.25,0.5,0.125,0.5,0.25,0.0625,0.125,0.25,0.25,0.25,0.5,0.25
29500.0,1.994224,2.9126485919372894E-8,29500.0,70.19999999999999,39.464361166184545,29500.0,94320.0,0.125,0.25,0.5,0.25,0.25,0.25,0.25,1.0,1.0,1.0,0.25,1.0,0.5,0.5,1.0,0.25,0.25,0.5,1.0,0.5,0.25,0.25,0.5,0.125,0.5,0.25,0.0625,0.125,0.25,0.25,0.25,0.5,0.25,1.0,1.0,1.0,1.0
30000.0,2.049268,3.067897919358478E-8,30000.0,66.4,32.9544728944512,30000.0,109024.0,0.125,0.25,0.5,0.25,0.25,0.25,0.25,1.0,1.0,1.0,0.25,1.0,0.5,0.5,1.0,0.25,0.25,0.5,1.0,0.5,0.25,0.25,0.5,0.125,0.5,0.25,0.0625,0.125,0.25,0.125,0.125,0.5,0.25,1.0,0.5,0.5,0.5,0.5,0.5,0.5,1.0,1.0,1.0
30500.0,2.104907,3.235119900562696E-8,30500.0,65.8,32.37899398924392,30500.0,116176.0,0.0625,0.125,0.25,0.125,0.125,0.125,0.125,0.5,0.5,0.5,0.125,0.5,0.25,0.25,0.5,0.125,0.125,0.25,0.5,0.25,0.125,0.0625,0.125,0.0625,0.125,0.0625,0.03125,0.03125,0.0625,0.03125,0.03125,0.125,0.0625,0.5,0.125,0.125,0.125,0.125,0.125,0.125,0.25,0.25,0.25,0.5,1.0,1.0
31000.0,2.167194,3.437688338466816E-8,31000.0,67.2,34.78399185595216,31000.0,125712.0,0.03125,0.0625,0.125,0.0625,0.0625,0.0625,0.0625,0.25,0.25,0.25,0.0625,0.25,0.125,0.125,0.25,0.0625,0.0625,0.125,0.25,0.125,0.0625,0.03125,0.0625,0.03125,0.0625,0.03125,0.015625,0.015625,0.03125,0.015625,0.015625,0.0625,0.03125,0.25,0.0625,0.0625,0.0625,0.0625,0.0625,0.0625,0.125,0.125,0.125,0.25,0.5,1.0,1.0,1.0,1.0,1.0
31500.0,2.229748,3.644866563172803E-8,31500.0,65.0,30.080547209614533,31500.0,128024.0,0.03125,0.0625,0.125,0.0625,0.0625,0.0625,0.0625,0.25,0.25,0.25,0.0625,0.25,0.125,0.125,0.125,0.03125,0.03125,0.0625,0.125,0.0625,0.03125,0.015625,0.03125,0.015625,0.03125,0.015625,0.015625,0.03125,0.015625,0.125,0.03125,0.03125,0.03125,0.03125,0.03125,0.03125,0.0625,0.0625,0.0625,0.125,0.25,0.5,0.5,0.5,0.5,0.5,0.5,1.0,0.5,0.5,1.0
32000.0,2.300466,3.8926805677927196E-8,32000.0,70.8,40.258932517144856,32000.0,135456.0,0.03125,0.0625,0.125,0.0625,0.0625,0.0625,0.0625,0.25,0.25,0.25,0.0625,0.25,0.125,0.125,0.125,0.03125,0.03125,0.0625,0.125,0.0625,0.03125,0.015625,0.03125,0.015625,0.03125,0.015625,0.015625,0.03125,0.015625,0.125,0.03125,0.03125,0.03125,0.03125,0.03125,0.03125,0.0625,0.0625,0.0625,0.125,0.25,0.5,0.5,0.5,0.5,0.5,0.5,1.0,0.5,0.5,0.5,1.0,1.0,1.0
32500.0,2.368858,4.123907621329029E-8,32500.0,69.8,38.64581978936418,32500.0,130688.0,0.015625,0.03125,0.0625,0.03125,0.03125,0.03125,0.03125,0.125,0.125,0.125,0.03125,0.125,0.0625,0.0625,0.0625,0.015625,0.015625,0.03125,0.0625,0.03125,0.015625,0.015625,0.015625,0.015625,0.0625,0.015625,0.015625,0.015625,0.015625,0.015625,0.015625,0.03125,0.03125,0.03125,0.0625,0.125,0.25,0.25,0.25,0.25,0.25,0.25,0.5,0.25,0.25,0.25,0.5,0.5,1.0,1.0,1.0,1.0,?,?
33000.0,2.42875,4.256214867656429E-8,33000.0,69.6,38.85563493595932,33000.0,85392.0,0.015625,0.03125,0.03125,0.03125,0.03125,0.015625,0.015625,0.015625,0.015625,0.015625,0.015625,0.03125,0.125,0.125,0.125,0.0625,0.0625,0.03125,0.0625,0.03125,0.03125,0.03125,0.0625,0.0625,0.125,0.25,0.125,0.125,0.125,0.5,1.0,1.0,1.0,?,?,?,?,?,?,?,?,?,?,?,?,?,?,?,?,?,?,?,?,?
33500.0,2.474105,4.364800175651908E-8,33500.0,71.39999999999999,42.52411575562701,33500.0,92544.0,0.015625,0.03125,0.03125,0.03125,0.03125,0.015625,0.015625,0.015625,0.015625,0.015625,0.015625,0.03125,0.125,0.125,0.125,0.0625,0.0625,0.03125,0.0625,0.03125,0.03125,0.03125,0.0625,0.0625,0.125,0.125,0.125,0.125,0.0625,0.25,0.5,0.5,0.5,1.0,1.0,1.0,?,?,?,?,?,?,?,?,?,?,?,?,?,?,?,?,?,?
34000.0,2.511922,4.4129652440961865E-8,34000.0,68.4,36.969426182421664,34000.0,49232.0,0.015625,0.015625,0.015625,0.015625,0.015625,0.03125,0.015625,0.03125,0.0625,0.0625,0.0625,0.25,0.25,0.25,0.5,1.0,0.5,1.0,?,?,?,?,?,?,?,?,?,?,?,?,?,?,?,?,?,?,?,?,?,?,?,?,?,?,?,?,?,?,?,?,?,?,?,?
34500.0,2.537121,4.445320341529118E-8,34500.0,65.60000000000001,30.695462970424703,34500.0,49632.0,0.03125,0.03125,0.03125,0.03125,0.03125,0.0625,0.03125,0.0625,0.125,0.125,0.125,0.5,0.5,0.5,1.0,0.5,0.5,1.0,?,?,?,?,?,?,?,?,?,?,?,?,?,?,?,?,?,?,?,?,?,?,?,?,?,?,?,?,?,?,?,?,?,?,?,?
35000.0,2.564319,4.485274370552765E-8,35000.0,66.0,32.51933122687795,35000.0,56784.0,0.0625,0.0625,0.0625,0.0625,0.0625,0.125,0.0625,0.0625,0.125,0.125,0.125,0.5,0.5,0.5,1.0,0.5,0.5,1.0,1.0,1.0,1.0,?,?,?,?,?,?,?,?,?,?,?,?,?,?,?,?,?,?,?,?,?,?,?,?,?,?,?,?,?,?,?,?,?
35500.0,2.594872,4.5358099153058394E-8,35500.0,68.4,35.96809752301907,35500.0,63936.0,0.0625,0.0625,0.0625,0.0625,0.03125,0.0625,0.0625,0.03125,0.0625,0.0625,0.0625,0.25,0.125,0.0625,1.0,0.03125,0.0625,0.125,0.25,0.0625,0.0625,0.125,0.25,0.5,?,?,?,?,?,?,?,?,?,?,?,?,?,?,?,?,?,?,?,?,?,?,?,?,?,?,?,?,?,?
36000.0,2.628572,4.593629111225406E-8,36000.0,69.6,38.82413548844097,36000.0,66320.0,0.015625,0.015625,0.015625,0.015625,0.015625,0.015625,0.015625,0.015625,0.015625,0.03125,0.125,0.0625,0.03125,0.25,0.015625,0.0625,0.125,0.015625,0.015625,0.03125,0.125,0.25,0.5,1.0,1.0,?,?,?,?,?,?,?,?,?,?,?,?,?,?,?,?,?,?,?,?,?,?,?,?,?,?,?,?,?
36500.0,2.663394,4.655520946822232E-8,36500.0,67.80000000000001,36.14151991115343,36500.0,68704.0,0.015625,0.015625,0.015625,0.015625,0.015625,0.015625,0.015625,0.015625,0.015625,0.03125,0.125,0.0625,0.03125,0.25,0.015625,0.0625,0.0625,0.015625,0.015625,0.03125,0.125,0.25,0.5,1.0,1.0,0.25,?,?,?,?,?,?,?,?,?,?,?,?,?,?,?,?,?,?,?,?,?,?,?,?,?,?,?,?
37000.0,2.695508,4.698735396274262E-8,37000.0,67.4,34.87294230461884,37000.0,52016.0,0.015625,0.0625,0.03125,0.015625,0.125,0.03125,0.03125,0.015625,0.0625,0.125,0.25,0.5,0.5,0.125,0.5,0.25,1.0,0.5,1.0,?,?,?,?,?,?,?,?,?,?,?,?,?,?,?,?,?,?,?,?,?,?,?,?,?,?,?,?,?,?,?,?,?,?,?
37500.0,2.721298,4.7382116435716545E-8,37500.0,69.0,38.29028251106793,37500.0,59168.0,0.015625,0.0625,0.03125,0.015625,0.125,0.03125,0.03125,0.015625,0.0625,0.125,0.25,0.5,0.5,0.125,0.5,0.25,1.0,0.5,1.0,1.0,0.5,0.5,?,?,?,?,?,?,?,?,?,?,?,?,?,?,?,?,?,?,?,?,?,?,?,?,?,?,?,?,?,?,?,?
38000.0,2.752477,4.7897826104114445E-8,38000.0,65.60000000000001,31.962025316455705,38000.0,63936.0,0.015625,0.0625,0.03125,0.015625,0.125,0.03125,0.03125,0.015625,0.0625,0.125,0.25,0.5,0.5,0.125,0.5,0.25,0.5,0.25,1.0,0.5,0.25,0.5,0.5,1.0,?,?,?,?,?,?,?,?,?,?,?,?,?,?,?,?,?,?,?,?,?,?,?,?,?,?,?,?,?,?
38500.0,2.786783,4.848393022807107E-8,38500.0,68.0,35.898463165654405,38500.0,66040.0,0.03125,0.015625,0.0625,0.015625,0.015625,0.03125,0.0625,0.125,0.25,0.25,0.0625,0.25,0.125,0.25,0.125,0.5,0.25,0.0625,0.125,0.25,1.0,1.0,1.0,0.5,1.0,?,?,?,?,?,?,?,?,?,?,?,?,?,?,?,?,?,?,?,?,?,?,?,?,?,?,?,?,?
39000.0,2.821288,4.911492441056502E-8,39000.0,67.4,34.8583669032547,39000.0,70688.0,0.03125,0.015625,0.0625,0.015625,0.015625,0.03125,0.0625,0.125,0.125,0.03125,0.125,0.0625,0.125,0.0625,0.25,0.125,0.03125,0.0625,0.125,0.5,0.5,1.0,0.25,1.0,1.0,1.0,1.0,?,?,?,?,?,?,?,?,?,?,?,?,?,?,?,?,?,?,?,?,?,?,?,?,?,?,?
39500.0,2.853863,4.965035345198378E-8,39500.0,68.0,35.90976094340832,39500.0,63536.0,0.015625,0.015625,0.03125,0.03125,0.03125,0.015625,0.03125,0.015625,0.0625,0.03125,0.015625,0.03125,0.125,0.125,0.25,0.0625,0.25,0.25,0.25,0.25,0.5,1.0,1.0,1.0,?,?,?,?,?,?,?,?,?,?,?,?,?,?,?,?,?,?,?,?,?,?,?,?,?,?,?,?,?,?
40000.0,2.885274,5.018927296623586E-8,40000.0,68.2,36.92278396648578,40000.0,66320.0,0.015625,0.015625,0.03125,0.03125,0.03125,0.015625,0.03125,0.015625,0.0625,0.03125,0.015625,0.03125,0.125,0.125,0.25,0.03125,0.125,0.125,0.25,0.25,0.5,1.0,1.0,0.5,0.5,?,?,?,?,?,?,?,?,?,?,?,?,?,?,?,?,?,?,?,?,?,?,?,?,?,?,?,?,?
40500.0,2.917749,5.0586217859139033E-8,40500.0,49.0,-1.7525378280023012,40500.0,47248.0,0.015625,0.03125,0.03125,0.0625,0.03125,0.03125,0.125,0.125,0.25,1.0,1.0,0.25,0.0625,0.5,0.5,0.5,0.5,?,?,?,?,?,?,?,?,?,?,?,?,?,?,?,?,?,?,?,?,?,?,?,?,?,?,?,?,?,?,?,?,?,?,?,?,?
41000.0,2.936339,5.075611891224979E-8,41000.0,65.60000000000001,30.811437030362534,41000.0,35328.0,0.015625,0.03125,0.0625,1.0,1.0,0.125,0.125,1.0,1.0,1.0,0.5,0.5,?,?,?,?,?,?,?,?,?,?,?,?,?,?,?,?,?,?,?,?,?,?,?,?,?,?,?,?,?,?,?,?,?,?,?,?,?,?,?,?,?,?
41500.0,2.95222,5.090011102871761E-8,41500.0,67.0,33.79024750409297,41500.0,35048.0,0.0625,0.0625,0.015625,0.03125,1.0,1.0,0.5,0.5,0.125,0.125,1.0,1.0,?,?,?,?,?,?,?,?,?,?,?,?,?,?,?,?,?,?,?,?,?,?,?,?,?,?,?,?,?,?,?,?,?,?,?,?,?,?,?,?,?,?
42000.0,2.968681,5.105055434422359E-8,42000.0,69.0,36.932391523713406,42000.0,35328.0,0.0625,0.0625,0.015625,0.015625,0.5,0.5,0.25,0.25,0.03125,0.03125,1.0,1.0,?,?,?,?,?,?,?,?,?,?,?,?,?,?,?,?,?,?,?,?,?,?,?,?,?,?,?,?,?,?,?,?,?,?,?,?,?,?,?,?,?,?
42500.0,2.989838,5.129610986759264E-8,42500.0,64.2,25.80741428476689,42500.0,44864.0,0.125,0.125,0.03125,0.03125,1.0,1.0,0.5,0.5,0.0625,0.0625,1.0,1.0,0.5,1.0,1.0,1.0,?,?,?,?,?,?,?,?,?,?,?,?,?,?,?,?,?,?,?,?,?,?,?,?,?,?,?,?,?,?,?,?,?,?,?,?,?,?
43000.0,3.010532,5.15092669179042E-8,43000.0,64.2,29.36961393983396,43000.0,39816.0,0.0625,0.0625,0.5,0.25,0.125,0.125,0.0625,0.0625,0.125,0.5,0.5,1.0,1.0,1.0,?,?,?,?,?,?,?,?,?,?,?,?,?,?,?,?,?,?,?,?,?,?,?,?,?,?,?,?,?,?,?,?,?,?,?,?,?,?,?,?
43500.0,3.032325,5.177564474857514E-8,43500.0,68.4,36.53598971722365,43500.0,47248.0,0.0625,0.0625,0.25,0.125,0.0625,0.0625,0.0625,0.0625,0.0625,0.25,0.25,1.0,0.5,0.5,0.5,0.5,1.0,?,?,?,?,?,?,?,?,?,?,?,?,?,?,?,?,?,?,?,?,?,?,?,?,?,?,?,?,?,?,?,?,?,?,?,?,?
44000.0,3.058568,5.2144970856606946E-8,44000.0,65.4,29.665647563910746,44000.0,54400.0,0.015625,0.015625,0.0625,0.03125,0.015625,0.015625,0.015625,0.015625,0.015625,0.0625,0.0625,0.5,0.125,0.125,0.125,0.125,0.25,0.5,1.0,0.5,?,?,?,?,?,?,?,?,?,?,?,?,?,?,?,?,?,?,?,?,?,?,?,?,?,?,?,?,?,?,?,?,?,?
44500.0,3.086623,5.248788968556456E-8,44500.0,65.60000000000001,30.04831546582942,44500.0,47248.0,0.015625,0.015625,0.03125,0.25,0.03125,0.03125,0.03125,0.03125,0.0625,0.25,0.5,0.25,0.5,0.5,1.0,1.0,1.0,?,?,?,?,?,?,?,?,?,?,?,?,?,?,?,?,?,?,?,?,?,?,?,?,?,?,?,?,?,?,?,?,?,?,?,?,?
45000.0,3.110095,5.278926626675658E-8,45000.0,66.60000000000001,32.86486138804914,45000.0,49632.0,0.0625,0.0625,0.125,1.0,0.125,0.125,0.125,0.125,0.25,0.5,1.0,0.5,1.0,1.0,1.0,1.0,1.0,1.0,?,?,?,?,?,?,?,?,?,?,?,?,?,?,?,?,?,?,?,?,?,?,?,?,?,?,?,?,?,?,?,?,?,?,?,?
45500.0,3.135141,5.3141746612058734E-8,45500.0,68.4,36.686542283772525,45500.0,54400.0,0.125,0.0625,0.125,1.0,0.125,0.25,0.125,0.125,0.25,0.5,1.0,0.5,1.0,0.5,1.0,0.5,0.5,1.0,0.25,1.0,?,?,?,?,?,?,?,?,?,?,?,?,?,?,?,?,?,?,?,?,?,?,?,?,?,?,?,?,?,?,?,?,?,?
46000.0,3.162899,5.3566632875137846E-8,46000.0,65.2,29.915576464522786,46000.0,59168.0,0.125,0.0625,0.125,1.0,0.125,0.25,0.125,0.125,0.25,0.5,1.0,0.5,1.0,0.5,1.0,0.5,0.5,1.0,0.25,0.5,1.0,1.0,?,?,?,?,?,?,?,?,?,?,?,?,?,?,?,?,?,?,?,?,?,?,?,?,?,?,?,?,?,?,?,?
46500.0,3.196466,5.4204649536146046E-8,46500.0,70.39999999999999,40.73457096634684,46500.0,73472.0,0.0625,0.03125,0.0625,0.5,0.0625,0.25,0.0625,0.0625,0.125,0.25,0.5,0.25,0.5,0.25,0.5,0.25,0.25,0.5,0.03125,0.0625,0.25,0.25,0.125,0.25,0.25,0.25,1.0,1.0,?,?,?,?,?,?,?,?,?,?,?,?,?,?,?,?,?,?,?,?,?,?,?,?,?,?
47000.0,3.234919,5.498296686344675E-8,47000.0,68.0,34.41762854144806,47000.0,78240.0,0.0625,0.03125,0.0625,0.5,0.0625,0.25,0.0625,0.0625,0.125,0.25,0.5,0.25,0.5,0.125,0.5,0.25,0.125,0.5,0.0625,0.125,1.0,0.5,0.5,0.5,0.25,0.5,1.0,1.0,1.0,0.5,?,?,?,?,?,?,?,?,?,?,?,?,?,?,?,?,?,?,?,?,?,?,?,?
47500.0,3.275735,5.583428603079582E-8,47500.0,69.39999999999999,38.75492362378711,47500.0,80624.0,0.0625,0.03125,0.0625,0.5,0.0625,0.25,0.0625,0.0625,0.125,0.25,0.5,0.25,0.5,0.125,0.5,0.25,0.125,0.5,0.0625,0.125,1.0,0.5,0.5,0.5,0.25,0.5,1.0,1.0,1.0,0.5,0.5,?,?,?,?,?,?,?,?,?,?,?,?,?,?,?,?,?,?,?,?,?,?,?
48000.0,3.316099,5.675086019767654E-8,48000.0,67.80000000000001,35.505063453403416,48000.0,87776.0,0.03125,0.015625,0.03125,0.25,0.03125,0.125,0.03125,0.03125,0.0625,0.125,0.25,0.125,0.25,0.0625,0.25,0.125,0.0625,0.25,0.03125,0.0625,1.0,0.25,0.25,0.25,0.125,0.25,0.5,0.5,0.5,0.25,0.25,0.5,0.5,0.5,?,?,?,?,?,?,?,?,?,?,?,?,?,?,?,?,?,?,?,?
48500.0,3.363261,5.787997502419682E-8,48500.0,62.4,24.564641682047988,48500.0,92544.0,0.03125,0.03125,0.25,0.03125,0.125,0.03125,0.03125,0.0625,0.125,0.25,0.125,0.25,0.0625,0.25,0.125,0.0625,0.25,0.03125,0.0625,1.0,0.25,0.25,0.25,0.125,0.25,0.5,0.5,0.5,0.25,0.25,0.5,0.25,0.25,0.5,1.0,1.0,?,?,?,?,?,?,?,?,?,?,?,?,?,?,?,?,?,?
49000.0,3.41995,5.923131145950819E-8,49000.0,61.6,19.430643212031697,49000.0,92144.0,0.0625,0.03125,0.015625,0.03125,0.0625,0.03125,0.0625,0.015625,0.0625,0.03125,0.015625,0.0625,0.015625,0.25,0.0625,0.0625,0.0625,0.03125,0.0625,0.125,0.125,0.125,0.0625,0.0625,0.0625,0.03125,0.0625,0.125,0.125,0.125,0.25,0.5,0.25,0.5,1.0,1.0,?,?,?,?,?,?,?,?,?,?,?,?,?,?,?,?,?,?
49500.0,3.471009,6.03555558518403E-8,49500.0,60.8,17.099497521444167,49500.0,85112.0,0.0625,0.03125,0.03125,0.0625,0.03125,0.0625,0.0625,0.03125,0.0625,0.25,0.0625,0.0625,0.0625,0.03125,0.0625,0.125,0.125,0.125,0.0625,0.0625,0.125,0.03125,0.03125,0.25,0.0625,0.125,0.5,0.5,0.25,1.0,1.0,0.5,1.0,?,?,?,?,?,?,?,?,?,?,?,?,?,?,?,?,?,?,?,?,?
50000.0,3.523411,6.112534444986117E-8,50000.0,59.599999999999994,18.784174975876482,50000.0,56784.0,0.015625,0.015625,0.015625,0.015625,0.03125,0.015625,0.015625,0.015625,0.015625,0.03125,0.015625,0.0625,0.0625,0.03125,0.125,0.125,0.03125,1.0,0.25,0.25,0.5,?,?,?,?,?,?,?,?,?,?,?,?,?,?,?,?,?,?,?,?,?,?,?,?,?,?,?,?,?,?,?,?,?
50500.0,3.553223,6.141310898587107E-8,50500.0,65.8,31.540851295519335,50500.0,37312.0,0.015625,0.015625,0.015625,0.015625,0.0625,0.0625,0.015625,1.0,0.25,0.25,0.5,0.5,1.0,?,?,?,?,?,?,?,?,?,?,?,?,?,?,?,?,?,?,?,?,?,?,?,?,?,?,?,?,?,?,?,?,?,?,?,?,?,?,?,?,?
51000.0,3.575422,6.160230299043987E-8,51000.0,62.6,23.968904501691387,51000.0,32944.0,0.03125,0.03125,0.015625,1.0,0.25,0.125,0.25,0.125,0.5,1.0,0.5,?,?,?,?,?,?,?,?,?,?,?,?,?,?,?,?,?,?,?,?,?,?,?,?,?,?,?,?,?,?,?,?,?,?,?,?,?,?,?,?,?,?,?
51500.0,3.59455,6.182232986100846E-8,51500.0,67.4,34.50658952105433,51500.0,44464.0,0.03125,0.03125,0.015625,1.0,0.25,0.125,0.25,0.25,0.5,1.0,0.5,1.0,0.5,1.0,1.0,1.0,?,?,?,?,?,?,?,?,?,?,?,?,?,?,?,?,?,?,?,?,?,?,?,?,?,?,?,?,?,?,?,?,?,?,?,?,?,?
52000.0,3.619435,6.212392638333969E-8,52000.0,60.4,19.60239731033474,52000.0,46848.0,0.5,0.125,0.0625,0.125,0.0625,0.125,1.0,0.5,1.0,0.5,1.0,1.0,1.0,1.0,0.5,0.5,1.0,?,?,?,?,?,?,?,?,?,?,?,?,?,?,?,?,?,?,?,?,?,?,?,?,?,?,?,?,?,?,?,?,?,?,?,?,?
52500.0,3.643613,6.243436788726183E-8,52500.0,62.4,24.287578330138366,52500.0,49632.0,0.0625,0.015625,0.03125,0.0625,0.0625,0.015625,0.0625,0.0625,0.0625,0.125,0.015625,0.03125,0.03125,0.25,0.25,0.5,1.0,1.0,?,?,?,?,?,?,?,?,?,?,?,?,?,?,?,?,?,?,?,?,?,?,?,?,?,?,?,?,?,?,?,?,?,?,?,?
53000.0,3.67066,6.279832790916164E-8,53000.0,56.599999999999994,13.119374779795637,53000.0,52016.0,0.015625,0.015625,0.03125,0.03125,0.03125,0.03125,0.03125,0.0625,0.015625,0.015625,0.125,0.125,0.125,0.5,0.5,0.0625,0.25,0.5,1.0,?,?,?,?,?,?,?,?,?,?,?,?,?,?,?,?,?,?,?,?,?,?,?,?,?,?,?,?,?,?,?,?,?,?,?
53500.0,3.693069,6.305841458133524E-8,53500.0,64.0,27.981563280199733,53500.0,44864.0,0.03125,0.015625,0.015625,0.015625,0.015625,0.03125,0.0625,0.0625,0.0625,0.25,0.25,0.0625,0.125,0.5,1.0,0.5,?,?,?,?,?,?,?,?,?,?,?,?,?,?,?,?,?,?,?,?,?,?,?,?,?,?,?,?,?,?,?,?,?,?,?,?,?,?
54000.0,3.713642,6.32718155098458E-8,54000.0,62.4,24.28269940231663,54000.0,40096.0,0.015625,0.015625,0.03125,0.03125,0.03125,0.125,0.125,0.03125,0.0625,0.25,0.5,0.25,1.0,0.5,?,?,?,?,?,?,?,?,?,?,?,?,?,?,?,?,?,?,?,?,?,?,?,?,?,?,?,?,?,?,?,?,?,?,?,?,?,?,?,?
54500.0,3.736744,6.355180276557802E-8,54500.0,63.0,26.134730252020322,54500.0,46848.0,0.015625,0.015625,0.03125,0.03125,0.03125,0.125,0.125,0.03125,0.0625,0.25,0.5,0.5,1.0,0.5,0.5,0.5,1.0,?,?,?,?,?,?,?,?,?,?,?,?,?,?,?,?,?,?,?,?,?,?,?,?,?,?,?,?,?,?,?,?,?,?,?,?,?
55000.0,3.763651,6.391387886678178E-8,55000.0,65.4,31.03173337585713,55000.0,52016.0,0.015625,0.015625,0.03125,0.03125,0.03125,0.125,0.125,0.03125,0.0625,0.25,0.5,0.5,1.0,0.5,0.5,0.5,1.0,1.0,0.5,?,?,?,?,?,?,?,?,?,?,?,?,?,?,?,?,?,?,?,?,?,?,?,?,?,?,?,?,?,?,?,?,?,?,?
55500.0,3.801753,6.454409695540865E-8,55500.0,61.6,22.9967113178792,55500.0,63936.0,0.015625,0.015625,0.03125,0.03125,0.03125,0.125,0.0625,0.015625,0.03125,0.125,0.25,0.25,0.5,0.25,0.25,0.25,0.5,0.5,1.0,1.0,1.0,0.25,1.0,1.0,?,?,?,?,?,?,?,?,?,?,?,?,?,?,?,?,?,?,?,?,?,?,?,?,?,?,?,?,?,?
56000.0,3.843657,6.526304520045717E-8,56000.0,63.6,27.17669654289372,56000.0,66320.0,0.015625,0.015625,0.015625,0.0625,0.03125,0.015625,0.0625,0.125,0.125,0.25,0.125,0.125,0.125,0.25,0.25,1.0,0.5,0.5,0.0625,0.5,0.5,1.0,1.0,1.0,1.0,?,?,?,?,?,?,?,?,?,?,?,?,?,?,?,?,?,?,?,?,?,?,?,?,?,?,?,?,?
56500.0,3.880946,6.585681832292013E-8,56500.0,68.0,35.102861963787404,56500.0,61552.0,0.015625,0.015625,0.03125,0.03125,0.03125,0.015625,0.015625,0.015625,0.03125,0.03125,0.25,0.125,0.25,0.015625,0.125,0.125,0.0625,0.0625,0.25,0.5,0.25,1.0,0.5,?,?,?,?,?,?,?,?,?,?,?,?,?,?,?,?,?,?,?,?,?,?,?,?,?,?,?,?,?,?,?
57000.0,3.917903,6.633134006419115E-8,57000.0,70.0,38.568901120503234,57000.0,49632.0,0.015625,0.015625,0.015625,0.125,0.03125,0.0625,0.0625,0.0625,0.03125,0.03125,0.125,0.25,0.0625,0.5,0.25,1.0,1.0,0.5,?,?,?,?,?,?,?,?,?,?,?,?,?,?,?,?,?,?,?,?,?,?,?,?,?,?,?,?,?,?,?,?,?,?,?,?
57500.0,3.948196,6.672029715238346E-8,57500.0,67.60000000000001,35.096153846153854,57500.0,49632.0,0.0625,0.015625,0.03125,0.03125,0.03125,0.015625,0.015625,0.0625,0.125,0.03125,0.25,0.125,0.5,1.0,0.25,1.0,0.5,1.0,?,?,?,?,?,?,?,?,?,?,?,?,?,?,?,?,?,?,?,?,?,?,?,?,?,?,?,?,?,?,?,?,?,?,?,?
58000.0,3.980041,6.716846199292275E-8,58000.0,66.2,32.400000000000006,58000.0,54400.0,0.0625,0.015625,0.03125,0.03125,0.03125,0.015625,0.0625,0.125,0.03125,0.25,0.125,0.5,1.0,0.25,1.0,0.25,0.5,0.25,0.5,0.5,?,?,?,?,?,?,?,?,?,?,?,?,?,?,?,?,?,?,?,?,?,?,?,?,?,?,?,?,?,?,?,?,?,?
58500.0,4.013794,6.758102799662285E-8,58500.0,64.0,27.67598842815815,58500.0,47248.0,0.015625,0.015625,0.03125,0.0625,0.03125,0.125,0.25,0.0625,0.25,0.0625,0.125,0.0625,0.125,0.5,1.0,0.5,1.0,?,?,?,?,?,?,?,?,?,?,?,?,?,?,?,?,?,?,?,?,?,?,?,?,?,?,?,?,?,?,?,?,?,?,?,?,?
59000.0,4.043079,6.793898122799065E-8,59000.0,64.8,29.036836333139803,59000.0,47248.0,0.015625,0.03125,0.015625,0.0625,0.125,0.03125,0.125,0.03125,0.0625,0.03125,0.0625,0.25,1.0,0.5,1.0,0.25,0.5,?,?,?,?,?,?,?,?,?,?,?,?,?,?,?,?,?,?,?,?,?,?,?,?,?,?,?,?,?,?,?,?,?,?,?,?,?
59500.0,4.071325,6.830165517619914E-8,59500.0,61.6,22.566907031892757,59500.0,49632.0,0.015625,0.03125,0.015625,0.0625,0.125,0.03125,0.125,0.015625,0.0625,0.015625,0.0625,0.25,1.0,0.5,1.0,0.25,0.5,1.0,?,?,?,?,?,?,?,?,?,?,?,?,?,?,?,?,?,?,?,?,?,?,?,?,?,?,?,?,?,?,?,?,?,?,?,?
60000.0,4.103557,6.877281047196851E-8,60000.0,61.0,21.74457429048414,60000.0,56504.0,0.015625,0.03125,0.015625,0.0625,0.125,0.03125,0.125,0.015625,0.0625,0.015625,0.0625,0.25,1.0,0.5,1.0,0.25,0.5,0.5,0.25,0.5,1.0,?,?,?,?,?,?,?,?,?,?,?,?,?,?,?,?,?,?,?,?,?,?,?,?,?,?,?,?,?,?,?,?,?
60500.0,4.139068,6.914116124105122E-8,60500.0,43.2,-13.600000000000001,60500.0,40096.0,0.015625,0.015625,0.03125,0.125,0.0625,0.125,0.0625,0.125,0.5,0.125,0.5,0.5,0.5,1.0,?,?,?,?,?,?,?,?,?,?,?,?,?,?,?,?,?,?,?,?,?,?,?,?,?,?,?,?,?,?,?,?,?,?,?,?,?,?,?,?
61000.0,4.160187,6.93450153681139E-8,61000.0,69.39999999999999,38.89190657251492,61000.0,37312.0,0.015625,0.015625,0.015625,0.25,0.125,0.5,0.5,0.25,0.5,1.0,1.0,1.0,1.0,?,?,?,?,?,?,?,?,?,?,?,?,?,?,?,?,?,?,?,?,?,?,?,?,?,?,?,?,?,?,?,?,?,?,?,?,?,?,?,?,?
61500.0,4.179571,6.951021815132763E-8,61500.0,66.2,32.93650793650793,61500.0,32944.0,0.0625,0.03125,0.125,0.25,0.125,0.25,0.5,1.0,0.125,0.5,0.5,?,?,?,?,?,?,?,?,?,?,?,?,?,?,?,?,?,?,?,?,?,?,?,?,?,?,?,?,?,?,?,?,?,?,?,?,?,?,?,?,?,?,?
62000.0,4.204352,6.981055423410401E-8,62000.0,64.4,28.699609049541753,62000.0,46848.0,0.03125,0.015625,0.0625,0.125,0.0625,0.125,0.25,1.0,0.125,0.5,0.5,1.0,0.5,1.0,1.0,1.0,1.0,?,?,?,?,?,?,?,?,?,?,?,?,?,?,?,?,?,?,?,?,?,?,?,?,?,?,?,?,?,?,?,?,?,?,?,?,?
62500.0,4.231822,7.012938063798679E-8,62500.0,65.2,30.22136669874881,62500.0,44864.0,0.03125,0.015625,0.03125,0.0625,0.25,0.03125,0.125,0.125,0.25,0.125,0.125,0.5,0.25,0.5,0.5,1.0,?,?,?,?,?,?,?,?,?,?,?,?,?,?,?,?,?,?,?,?,?,?,?,?,?,?,?,?,?,?,?,?,?,?,?,?,?,?
63000.0,4.25992,7.047282505987418E-8,63000.0,70.19999999999999,39.977441185949075,63000.0,47248.0,0.015625,0.015625,0.0625,0.25,0.03125,0.125,0.125,0.25,0.125,0.125,0.5,0.25,0.5,0.5,1.0,1.0,1.0,?,?,?,?,?,?,?,?,?,?,?,?,?,?,?,?,?,?,?,?,?,?,?,?,?,?,?,?,?,?,?,?,?,?,?,?,?
63500.0,4.287738,7.08271249445776E-8,63500.0,66.4,33.09545049063337,63500.0,49232.0,0.03125,0.03125,0.125,0.5,0.0625,0.25,0.25,0.5,0.25,0.25,0.5,0.25,0.5,1.0,1.0,0.5,1.0,1.0,?,?,?,?,?,?,?,?,?,?,?,?,?,?,?,?,?,?,?,?,?,?,?,?,?,?,?,?,?,?,?,?,?,?,?,?
64000.0,4.32162,7.136664654438693E-8,64000.0,66.60000000000001,33.27686505146073,64000.0,61552.0,0.03125,0.03125,0.125,0.5,0.0625,0.25,0.25,0.5,0.125,0.125,0.25,0.125,0.25,1.0,1.0,0.5,1.0,1.0,1.0,1.0,1.0,1.0,1.0,?,?,?,?,?,?,?,?,?,?,?,?,?,?,?,?,?,?,?,?,?,?,?,?,?,?,?,?,?,?,?
64500.0,4.361234,7.204630518746044E-8,64500.0,66.8,33.4978527017499,64500.0,66320.0,0.015625,0.015625,0.0625,0.25,0.03125,0.125,0.25,0.25,0.0625,0.125,0.25,0.125,0.125,1.0,1.0,0.25,0.5,0.25,0.25,0.5,0.5,0.5,0.5,0.25,1.0,?,?,?,?,?,?,?,?,?,?,?,?,?,?,?,?,?,?,?,?,?,?,?,?,?,?,?,?,?
65000.0,4.402614,7.278178395289513E-8,65000.0,67.80000000000001,35.42435424354244,65000.0,68704.0,0.015625,0.015625,0.0625,0.25,0.03125,0.125,0.25,0.25,0.0625,0.125,0.25,0.125,0.125,1.0,1.0,0.25,0.5,0.25,0.25,0.5,0.5,0.5,0.5,0.25,1.0,0.5,?,?,?,?,?,?,?,?,?,?,?,?,?,?,?,?,?,?,?,?,?,?,?,?,?,?,?,?
65500.0,4.446016,7.35799691474272E-8,65500.0,66.60000000000001,33.41732584843072,65500.0,71088.0,0.015625,0.0625,0.25,0.03125,0.125,0.25,0.25,0.0625,0.125,0.25,0.125,0.125,1.0,1.0,0.25,0.5,0.25,0.25,0.5,0.5,0.5,0.5,0.25,1.0,0.5,1.0,0.5,?,?,?,?,?,?,?,?,?,?,?,?,?,?,?,?,?,?,?,?,?,?,?,?,?,?,?
66000.0,4.492511,7.449238709484537E-8,66000.0,69.39999999999999,38.75884594447468,66000.0,75856.0,0.03125,0.125,0.015625,0.0625,0.125,0.125,0.03125,0.0625,0.125,0.0625,0.0625,0.5,0.5,0.125,0.25,0.125,0.125,0.25,0.25,0.125,0.125,0.0625,0.25,0.125,0.25,0.125,0.5,1.0,0.5,?,?,?,?,?,?,?,?,?,?,?,?,?,?,?,?,?,?,?,?,?,?,?,?,?
66500.0,4.543885,7.556019826688699E-8,66500.0,70.8,40.261865793780686,66500.0,80344.0,0.015625,0.0625,0.03125,0.0625,0.0625,0.015625,0.03125,0.0625,0.03125,0.03125,0.25,0.25,0.0625,0.125,0.03125,0.03125,0.0625,0.0625,0.03125,0.03125,0.015625,0.0625,0.0625,0.125,0.03125,0.25,0.5,0.125,0.25,1.0,1.0,?,?,?,?,?,?,?,?,?,?,?,?,?,?,?,?,?,?,?,?,?,?,?
67000.0,4.596687,7.672664574243955E-8,67000.0,71.8,42.66428106701365,67000.0,85392.0,0.015625,0.0625,0.03125,0.0625,0.0625,0.015625,0.03125,0.0625,0.03125,0.03125,0.25,0.25,0.03125,0.0625,0.015625,0.015625,0.0625,0.0625,0.03125,0.03125,0.015625,0.0625,0.0625,0.125,0.03125,0.25,0.5,0.125,0.25,1.0,1.0,0.5,0.5,?,?,?,?,?,?,?,?,?,?,?,?,?,?,?,?,?,?,?,?,?
67500.0,4.653623,7.805464699657426E-8,67500.0,67.80000000000001,35.237329042638784,67500.0,90160.0,0.03125,0.125,0.0625,0.125,0.125,0.03125,0.0625,0.125,0.0625,0.0625,0.5,0.5,0.0625,0.125,0.015625,0.015625,0.125,0.125,0.0625,0.0625,0.03125,0.0625,0.0625,0.125,0.03125,0.25,0.5,0.125,0.25,1.0,1.0,0.25,0.5,0.5,1.0,?,?,?,?,?,?,?,?,?,?,?,?,?,?,?,?,?,?,?
68000.0,4.707237,7.937129647160569E-8,68000.0,72.39999999999999,44.8,68000.0,94928.0,0.03125,0.125,0.0625,0.125,0.125,0.03125,0.0625,0.125,0.0625,0.0625,0.5,0.5,0.0625,0.125,0.015625,0.015625,0.125,0.125,0.0625,0.0625,0.03125,0.0625,0.0625,0.125,0.03125,0.25,0.5,0.125,0.25,1.0,1.0,0.25,0.5,0.5,1.0,1.0,0.5,?,?,?,?,?,?,?,?,?,?,?,?,?,?,?,?,?
68500.0,4.767845,8.097184277863966E-8,68500.0,71.8,43.38622639085185,68500.0,102080.0,0.0625,0.25,0.125,0.25,0.25,0.0625,0.125,0.25,0.125,0.125,1.0,1.0,0.125,0.25,0.03125,0.03125,0.25,0.25,0.125,0.125,0.0625,0.125,0.125,0.25,0.0625,0.5,1.0,0.25,0.25,1.0,1.0,0.25,0.5,0.5,1.0,1.0,0.5,1.0,1.0,1.0,?,?,?,?,?,?,?,?,?,?,?,?,?,?
69000.0,4.834767,8.290422483243876E-8,69000.0,69.19999999999999,37.827013758801094,69000.0,111616.0,0.0625,0.25,0.125,0.25,0.25,0.0625,0.125,0.25,0.125,0.125,1.0,1.0,0.125,0.25,0.03125,0.03125,0.25,0.25,0.125,0.125,0.0625,0.125,0.125,0.25,0.0625,0.5,1.0,0.25,0.25,1.0,1.0,0.25,0.5,0.5,1.0,1.0,0.5,1.0,1.0,1.0,1.0,1.0,1.0,1.0,?,?,?,?,?,?,?,?,?,?
69500.0,4.907068,8.512569955860575E-8,69500.0,68.4,35.73473903423143,69500.0,118768.0,0.03125,0.125,0.0625,0.125,0.125,0.03125,0.0625,0.125,0.0625,0.0625,0.5,0.5,0.0625,0.125,0.015625,0.015625,0.125,0.125,0.0625,0.0625,0.03125,0.0625,0.0625,0.125,0.03125,0.25,0.5,0.125,0.125,0.5,0.5,0.125,0.25,0.25,0.5,0.5,0.25,0.5,1.0,1.0,1.0,1.0,0.5,0.5,0.25,1.0,1.0,?,?,?,?,?,?,?
70000.0,4.980839,8.757433141892154E-8,70000.0,65.0,30.158679480220947,70000.0,128304.0,0.03125,0.125,0.0625,0.125,0.125,0.03125,0.0625,0.125,0.0625,0.0625,0.5,0.5,0.0625,0.125,0.015625,0.015625,0.125,0.125,0.0625,0.0625,0.03125,0.0625,0.0625,0.125,0.03125,0.25,0.5,0.125,0.125,0.5,0.5,0.125,0.25,0.25,0.5,0.5,0.25,0.5,1.0,1.0,1.0,1.0,0.5,0.5,0.25,1.0,0.5,1.0,1.0,1.0,1.0,?,?,?
70500.0,5.05907,9.040657625844081E-8,70500.0,64.8,30.318003294058038,70500.0,139944.0,0.03125,0.125,0.0625,0.125,0.125,0.03125,0.0625,0.125,0.0625,0.0625,0.5,0.5,0.0625,0.125,0.015625,0.015625,0.125,0.125,0.0625,0.0625,0.03125,0.0625,0.0625,0.125,0.03125,0.25,0.5,0.125,0.125,0.5,0.5,0.125,0.25,0.25,0.5,0.5,0.25,0.5,1.0,1.0,1.0,1.0,0.5,0.5,0.125,0.5,0.25,1.0,1.0,0.5,0.5,0.5,0.5,0.5,0.5,1.0
71000.0,5.14102,9.342994052916765E-8,71000.0,67.2,34.87825410187583,71000.0,142608.0,0.03125,0.125,0.0625,0.125,0.125,0.03125,0.0625,0.125,0.0625,0.0625,0.5,0.5,0.0625,0.125,0.015625,0.015625,0.125,0.125,0.0625,0.0625,0.03125,0.0625,0.0625,0.125,0.03125,0.25,0.5,0.125,0.125,0.5,0.5,0.125,0.25,0.25,0.5,0.5,0.25,0.5,1.0,1.0,1.0,1.0,0.5,0.5,0.125,0.5,0.25,0.5,1.0,0.25,0.25,0.25,0.25,0.125,0.25,0.5,0.5
71500.0,5.228136,9.67513492413693E-8,71500.0,64.0,28.100084682122485,71500.0,147376.0,0.03125,0.125,0.0625,0.125,0.125,0.03125,0.0625,0.125,0.0625,0.0625,0.5,0.5,0.0625,0.125,0.015625,0.015625,0.125,0.125,0.0625,0.0625,0.03125,0.0625,0.0625,0.125,0.03125,0.25,0.5,0.125,0.125,0.5,0.5,0.125,0.25,0.25,0.5,0.5,0.25,0.5,1.0,1.0,1.0,1.0,0.5,0.5,0.125,0.5,0.25,0.5,1.0,0.25,0.25,0.25,0.25,0.125,0.25,0.5,0.5,0.5,0.5
72000.0,5.31957,1.0051934338692162E-7,72000.0,69.6,37.912554734984624,72000.0,159296.0,0.03125,0.125,0.0625,0.125,0.125,0.03125,0.0625,0.125,0.0625,0.0625,0.5,0.5,0.0625,0.125,0.015625,0.015625,0.125,0.125,0.0625,0.0625,0.03125,0.0625,0.0625,0.125,0.03125,0.25,0.5,0.125,0.125,0.5,0.5,0.125,0.25,0.25,0.5,0.5,0.25,0.5,1.0,1.0,1.0,1.0,0.5,0.5,0.125,0.5,0.25,0.5,1.0,0.25,0.25,0.25,0.25,0.125,0.125,0.5,0.5,0.5,0.25,0.5,0.5,1.0,1.0,1.0
72500.0,5.407893,1.0399571561151082E-7,72500.0,70.0,39.111515230239654,72500.0,152144.0,0.03125,0.015625,0.03125,0.03125,0.015625,0.03125,0.015625,0.015625,0.125,0.125,0.015625,0.03125,0.03125,0.03125,0.015625,0.015625,0.015625,0.015625,0.03125,0.0625,0.125,0.03125,0.03125,0.125,0.125,0.03125,0.0625,0.0625,0.125,0.125,0.0625,0.125,0.25,0.25,0.25,0.25,0.125,0.125,0.03125,0.125,0.0625,0.125,0.25,0.0625,0.0625,0.0625,0.0625,0.03125,0.03125,0.125,0.125,0.125,0.0625,0.125,0.125,0.25,0.25,1.0,0.25,0.5,1.0,?,?,?
73000.0,5.485097,1.0674875671664874E-7,73000.0,69.0,37.65084473049073,73000.0,137840.0,0.015625,0.015625,0.015625,0.015625,0.0625,0.0625,0.015625,0.015625,0.015625,0.015625,0.03125,0.0625,0.015625,0.015625,0.0625,0.0625,0.015625,0.03125,0.03125,0.0625,0.0625,0.03125,0.0625,0.25,0.25,0.25,0.25,0.125,0.0625,0.015625,0.0625,0.03125,0.0625,0.125,0.03125,0.03125,0.03125,0.03125,0.015625,0.015625,0.0625,0.0625,0.125,0.0625,0.125,0.125,0.25,0.25,0.5,0.25,0.25,1.0,0.5,1.0,1.0,?,?,?,?,?,?,?,?,?
73500.0,5.566883,1.0976607056955497E-7,73500.0,72.0,43.769680611785866,73500.0,142608.0,0.015625,0.015625,0.015625,0.015625,0.0625,0.0625,0.015625,0.015625,0.015625,0.015625,0.03125,0.0625,0.015625,0.015625,0.0625,0.0625,0.015625,0.03125,0.03125,0.0625,0.0625,0.03125,0.0625,0.25,0.25,0.25,0.25,0.125,0.0625,0.015625,0.0625,0.03125,0.0625,0.125,0.03125,0.03125,0.03125,0.03125,0.015625,0.015625,0.0625,0.0625,0.0625,0.0625,0.125,0.125,0.25,0.25,0.5,0.25,0.25,1.0,0.5,1.0,1.0,1.0,0.5,?,?,?,?,?,?,?
74000.0,5.639909,1.1264035652081172E-7,74000.0,69.8,39.825294098893735,74000.0,152144.0,0.015625,0.015625,0.015625,0.015625,0.0625,0.0625,0.015625,0.015625,0.015625,0.015625,0.03125,0.0625,0.015625,0.015625,0.0625,0.0625,0.015625,0.03125,0.03125,0.0625,0.0625,0.03125,0.0625,0.25,0.25,0.25,0.25,0.125,0.0625,0.015625,0.0625,0.03125,0.0625,0.125,0.03125,0.03125,0.03125,0.03125,0.015625,0.015625,0.0625,0.0625,0.0625,0.0625,0.125,0.125,0.25,0.25,0.5,0.25,0.25,1.0,0.5,1.0,1.0,1.0,0.5,0.25,1.0,1.0,1.0,?,?,?
74500.0,5.717651,1.1579615669945876E-7,74500.0,67.2,33.89229280877138,74500.0,156912.0,0.015625,0.015625,0.015625,0.015625,0.0625,0.0625,0.015625,0.015625,0.015625,0.015625,0.03125,0.0625,0.015625,0.015625,0.0625,0.0625,0.015625,0.03125,0.03125,0.0625,0.0625,0.03125,0.0625,0.25,0.25,0.25,0.25,0.125,0.0625,0.015625,0.0625,0.03125,0.0625,0.125,0.03125,0.03125,0.03125,0.03125,0.015625,0.015625,0.03125,0.0625,0.0625,0.0625,0.125,0.125,0.25,0.25,0.25,0.25,0.25,1.0,0.25,0.5,0.5,0.5,0.25,0.125,1.0,0.5,0.5,0.5,1.0,?
75000.0,5.799953,1.1928933950761956E-7,75000.0,66.2,33.04278922345485,75000.0,164064.0,0.015625,0.015625,0.015625,0.015625,0.0625,0.0625,0.015625,0.015625,0.015625,0.015625,0.03125,0.0625,0.015625,0.015625,0.0625,0.0625,0.015625,0.03125,0.03125,0.0625,0.0625,0.03125,0.0625,0.25,0.25,0.25,0.25,0.125,0.0625,0.015625,0.0625,0.03125,0.0625,0.125,0.03125,0.03125,0.03125,0.03125,0.015625,0.015625,0.03125,0.0625,0.0625,0.0625,0.125,0.125,0.25,0.25,0.25,0.25,0.25,1.0,0.25,0.5,0.5,0.5,0.25,0.125,1.0,0.5,0.5,0.5,1.0,0.5,1.0,1.0
75500.0,5.887865,1.230748492727677E-7,75500.0,69.0,37.094155844155836,75500.0,166448.0,0.015625,0.015625,0.015625,0.015625,0.0625,0.0625,0.015625,0.015625,0.015625,0.015625,0.03125,0.0625,0.015625,0.015625,0.0625,0.0625,0.015625,0.03125,0.03125,0.0625,0.0625,0.03125,0.0625,0.25,0.25,0.25,0.25,0.125,0.0625,0.015625,0.0625,0.03125,0.0625,0.125,0.03125,0.03125,0.03125,0.03125,0.015625,0.015625,0.03125,0.0625,0.0625,0.0625,0.125,0.125,0.25,0.25,0.25,0.25,0.25,1.0,0.25,0.5,0.5,0.25,0.125,0.0625,0.5,0.25,0.25,0.25,0.5,0.25,0.5,0.5,1.0
76000.0,5.96387,1.258710208783547E-7,76000.0,69.19999999999999,38.03515096890491,76000.0,142208.0,0.03125,0.03125,0.015625,0.03125,0.03125,0.03125,0.015625,0.015625,0.03125,0.03125,0.015625,0.03125,0.125,0.125,0.125,0.125,0.0625,0.03125,0.03125,0.015625,0.03125,0.0625,0.015625,0.015625,0.015625,0.015625,0.015625,0.03125,0.03125,0.03125,0.0625,0.0625,0.125,0.125,0.125,0.125,0.125,0.5,0.125,0.25,0.25,0.125,0.0625,0.03125,0.25,0.125,0.125,0.125,0.25,0.125,0.25,0.25,1.0,1.0,1.0,1.0,1.0,?,?,?,?,?,?,?,?,?,?
76500.0,6.036687,1.2787626807474427E-7,76500.0,69.19999999999999,38.86948237535724,76500.0,106448.0,0.015625,0.015625,0.015625,0.015625,0.03125,0.03125,0.03125,0.03125,0.015625,0.015625,0.015625,0.015625,0.03125,0.03125,0.03125,0.03125,0.03125,0.125,0.03125,0.0625,0.0625,0.0625,0.03125,0.015625,0.125,0.0625,0.0625,0.0625,0.125,0.0625,0.125,0.125,0.25,0.25,0.25,0.25,0.25,1.0,1.0,0.5,0.5,1.0,?,?,?,?,?,?,?,?,?,?,?,?,?,?,?,?,?,?,?,?,?,?,?,?,?
77000.0,6.088424,1.2888620127820307E-7,77000.0,66.8,33.684883349312884,77000.0,75456.0,0.03125,0.015625,0.015625,0.015625,0.03125,0.015625,0.015625,0.015625,0.03125,0.015625,0.03125,0.03125,0.0625,0.0625,0.0625,0.0625,0.0625,0.25,0.25,0.125,0.125,0.25,1.0,0.25,0.25,0.5,0.5,0.5,1.0,?,?,?,?,?,?,?,?,?,?,?,?,?,?,?,?,?,?,?,?,?,?,?,?,?,?,?,?,?,?,?,?,?,?,?,?,?,?
77500.0,6.12756,1.297225668984983E-7,77500.0,69.0,38.29028251106793,77500.0,82608.0,0.03125,0.015625,0.015625,0.015625,0.03125,0.015625,0.015625,0.015625,0.0625,0.03125,0.0625,0.0625,0.0625,0.0625,0.0625,0.0625,0.0625,0.25,0.25,0.25,0.125,0.25,1.0,0.25,0.25,0.5,0.5,0.5,1.0,1.0,1.0,1.0,?,?,?,?,?,?,?,?,?,?,?,?,?,?,?,?,?,?,?,?,?,?,?,?,?,?,?,?,?,?,?,?,?,?,?
78000.0,6.169379,1.307237638988429E-7,78000.0,65.8,32.304038004750595,78000.0,92544.0,0.03125,0.015625,0.015625,0.015625,0.03125,0.015625,0.015625,0.015625,0.0625,0.03125,0.0625,0.0625,0.0625,0.0625,0.0625,0.0625,0.0625,0.25,0.25,0.25,0.125,0.25,1.0,0.25,0.25,0.5,0.5,0.5,1.0,1.0,1.0,1.0,0.5,0.5,0.25,0.5,?,?,?,?,?,?,?,?,?,?,?,?,?,?,?,?,?,?,?,?,?,?,?,?,?,?,?,?,?,?,?
78500.0,6.209486,1.3160976649158534E-7,78500.0,66.8,33.513833928771696,78500.0,85392.0,0.03125,0.03125,0.0625,0.03125,0.0625,0.0625,0.0625,0.0625,0.0625,0.0625,0.0625,0.25,0.25,0.5,0.125,0.25,1.0,0.25,0.25,0.5,0.5,0.5,1.0,1.0,1.0,1.0,0.5,0.5,0.25,0.5,0.5,1.0,1.0,?,?,?,?,?,?,?,?,?,?,?,?,?,?,?,?,?,?,?,?,?,?,?,?,?,?,?,?,?,?,?,?,?,?
79000.0,6.256738,1.3277017834285898E-7,79000.0,67.0,34.09911493114357,79000.0,94928.0,0.03125,0.03125,0.0625,0.03125,0.0625,0.0625,0.0625,0.0625,0.0625,0.0625,0.0625,0.25,0.25,0.5,0.125,0.25,1.0,0.25,0.5,1.0,0.5,0.5,1.0,1.0,1.0,1.0,0.5,0.5,0.25,0.5,0.5,1.0,1.0,1.0,1.0,1.0,1.0,?,?,?,?,?,?,?,?,?,?,?,?,?,?,?,?,?,?,?,?,?,?,?,?,?,?,?,?,?,?
79500.0,6.307584,1.3405021032525436E-7,79500.0,69.8,39.52065109423563,79500.0,97312.0,0.03125,0.03125,0.0625,0.03125,0.0625,0.0625,0.0625,0.0625,0.0625,0.0625,0.0625,0.25,0.25,0.5,0.125,0.25,1.0,0.25,0.5,1.0,0.5,0.5,1.0,1.0,1.0,1.0,0.5,0.5,0.25,0.5,0.5,1.0,0.5,0.25,0.25,0.25,0.25,0.5,?,?,?,?,?,?,?,?,?,?,?,?,?,?,?,?,?,?,?,?,?,?,?,?,?,?,?,?,?
80000.0,6.358661,1.3545836326355739E-7,80000.0,68.2,36.75417661097853,80000.0,106568.0,0.03125,0.03125,0.0625,0.03125,0.0625,0.0625,0.0625,0.0625,0.0625,0.0625,0.0625,0.25,0.25,0.5,0.125,0.25,1.0,0.25,0.5,1.0,0.5,0.5,1.0,1.0,1.0,1.0,0.5,0.5,0.25,0.5,0.5,1.0,0.25,0.125,0.125,0.125,0.25,1.0,0.25,0.5,1.0,1.0,?,?,?,?,?,?,?,?,?,?,?,?,?,?,?,?,?,?,?,?,?,?,?,?,?
80500.0,6.404967,1.3650986666687665E-7,80500.0,52.0,4.0491268470543185,80500.0,87776.0,0.0625,0.0625,0.125,0.03125,0.0625,0.25,0.0625,0.125,0.25,0.125,0.125,0.25,0.25,0.25,0.25,0.125,0.125,0.0625,0.125,0.125,0.25,0.0625,0.03125,0.03125,0.0625,0.125,0.5,0.25,0.5,1.0,1.0,1.0,1.0,0.5,?,?,?,?,?,?,?,?,?,?,?,?,?,?,?,?,?,?,?,?,?,?,?,?,?,?,?,?,?,?,?,?,?
81000.0,6.448891,1.371009333286849E-7,81000.0,68.4,36.49823963474432,81000.0,52016.0,0.015625,0.015625,0.015625,0.015625,0.015625,0.015625,0.015625,0.0625,0.0625,0.0625,0.5,0.5,0.5,1.0,0.125,0.125,0.125,0.5,0.5,?,?,?,?,?,?,?,?,?,?,?,?,?,?,?,?,?,?,?,?,?,?,?,?,?,?,?,?,?,?,?,?,?,?,?,?,?,?,?,?,?,?,?,?,?,?,?,?
81500.0,6.4772,1.3744402739943735E-7,81500.0,64.0,27.930813581037796,81500.0,46848.0,0.0625,0.125,0.0625,0.5,0.5,0.5,1.0,0.25,0.125,0.125,0.5,0.5,1.0,1.0,1.0,1.0,1.0,?,?,?,?,?,?,?,?,?,?,?,?,?,?,?,?,?,?,?,?,?,?,?,?,?,?,?,?,?,?,?,?,?,?,?,?,?,?,?,?,?,?,?,?,?,?,?,?,?,?
82000.0,6.505963,1.3784673478868277E-7,82000.0,69.39999999999999,37.96626662341874,82000.0,54120.0,0.0625,0.0625,0.0625,0.5,0.5,0.5,1.0,0.25,0.0625,0.0625,0.25,0.25,0.5,0.5,1.0,0.5,1.0,1.0,1.0,1.0,?,?,?,?,?,?,?,?,?,?,?,?,?,?,?,?,?,?,?,?,?,?,?,?,?,?,?,?,?,?,?,?,?,?,?,?,?,?,?,?,?,?,?,?,?,?,?
82500.0,6.541433,1.3843341883685859E-7,82500.0,64.0,25.600158719661398,82500.0,63936.0,0.03125,0.0625,0.0625,0.5,0.5,0.5,1.0,0.25,0.0625,0.0625,0.25,0.25,0.5,0.5,1.0,0.5,1.0,1.0,1.0,0.5,0.5,1.0,1.0,0.5,?,?,?,?,?,?,?,?,?,?,?,?,?,?,?,?,?,?,?,?,?,?,?,?,?,?,?,?,?,?,?,?,?,?,?,?,?,?,?,?,?,?,?
83000.0,6.584462,1.3924682952877553E-7,83000.0,63.0,27.073478397981717,83000.0,73072.0,0.015625,0.03125,0.25,0.125,0.125,0.5,0.0625,0.015625,0.015625,0.0625,0.0625,0.125,0.125,0.25,0.0625,0.125,0.125,0.25,0.125,0.125,0.5,0.25,0.25,0.25,1.0,1.0,1.0,1.0,?,?,?,?,?,?,?,?,?,?,?,?,?,?,?,?,?,?,?,?,?,?,?,?,?,?,?,?,?,?,?,?,?,?,?,?,?,?,?
83500.0,6.625271,1.3997215946929328E-7,83500.0,68.2,36.55632521467106,83500.0,68704.0,0.0625,0.03125,0.03125,0.125,0.015625,0.015625,0.03125,0.03125,0.03125,0.0625,0.015625,0.03125,0.03125,0.0625,0.0625,0.125,0.5,0.25,0.25,0.125,1.0,0.5,1.0,0.125,0.25,1.0,?,?,?,?,?,?,?,?,?,?,?,?,?,?,?,?,?,?,?,?,?,?,?,?,?,?,?,?,?,?,?,?,?,?,?,?,?,?,?,?,?
84000.0,6.665425,1.4068293898469878E-7,84000.0,67.60000000000001,34.384265184777156,84000.0,68424.0,0.0625,0.03125,0.03125,0.125,0.015625,0.03125,0.015625,0.03125,0.03125,0.015625,0.015625,0.03125,0.0625,0.125,0.5,0.25,0.25,0.125,1.0,0.5,1.0,0.125,0.25,0.5,1.0,1.0,?,?,?,?,?,?,?,?,?,?,?,?,?,?,?,?,?,?,?,?,?,?,?,?,?,?,?,?,?,?,?,?,?,?,?,?,?,?,?,?,?
84500.0,6.705591,1.413939309161571E-7,84500.0,69.39999999999999,37.88164219825906,84500.0,68424.0,0.0625,0.03125,0.03125,0.125,0.015625,0.03125,0.015625,0.03125,0.015625,0.015625,0.0625,0.125,0.5,0.25,0.25,0.125,1.0,0.5,1.0,0.03125,0.125,0.5,1.0,1.0,0.25,1.0,?,?,?,?,?,?,?,?,?,?,?,?,?,?,?,?,?,?,?,?,?,?,?,?,?,?,?,?,?,?,?,?,?,?,?,?,?,?,?,?,?
85000.0,6.744454,1.4201276770068544E-7,85000.0,70.19999999999999,40.08942357179619,85000.0,61552.0,0.0625,0.015625,0.015625,0.125,0.015625,0.015625,0.03125,0.0625,0.5,0.125,0.125,0.0625,0.5,0.5,1.0,0.015625,0.0625,0.5,1.0,1.0,0.25,1.0,1.0,?,?,?,?,?,?,?,?,?,?,?,?,?,?,?,?,?,?,?,?,?,?,?,?,?,?,?,?,?,?,?,?,?,?,?,?,?,?,?,?,?,?,?,?
85500.0,6.779054,1.4260640098816825E-7,85500.0,69.19999999999999,38.34771886559802,85500.0,66320.0,0.0625,0.015625,0.015625,0.125,0.015625,0.015625,0.03125,0.0625,0.5,0.125,0.125,0.0625,0.5,0.5,1.0,0.015625,0.0625,0.5,1.0,1.0,0.25,1.0,1.0,0.5,1.0,?,?,?,?,?,?,?,?,?,?,?,?,?,?,?,?,?,?,?,?,?,?,?,?,?,?,?,?,?,?,?,?,?,?,?,?,?,?,?,?,?,?
86000.0,6.81494,1.4324163119412136E-7,86000.0,67.4,34.54025573475552,86000.0,68424.0,0.03125,0.0625,0.03125,0.0625,0.25,0.0625,0.0625,0.03125,0.25,0.25,0.5,0.0625,0.25,0.5,0.5,0.125,0.5,1.0,0.5,0.25,0.5,1.0,0.5,1.0,1.0,1.0,?,?,?,?,?,?,?,?,?,?,?,?,?,?,?,?,?,?,?,?,?,?,?,?,?,?,?,?,?,?,?,?,?,?,?,?,?,?,?,?,?
86500.0,6.852027,1.4385506088948917E-7,86500.0,69.8,39.62897809051654,86500.0,63936.0,0.015625,0.015625,0.125,0.03125,0.0625,0.015625,0.125,0.125,0.25,0.125,0.25,0.5,0.0625,0.25,0.5,0.5,0.03125,0.5,0.5,0.25,1.0,1.0,0.5,0.5,?,?,?,?,?,?,?,?,?,?,?,?,?,?,?,?,?,?,?,?,?,?,?,?,?,?,?,?,?,?,?,?,?,?,?,?,?,?,?,?,?,?,?
87000.0,6.884589,1.4441372814691734E-7,87000.0,67.0,33.081340644365866,87000.0,66320.0,0.015625,0.015625,0.125,0.03125,0.0625,0.015625,0.125,0.125,0.25,0.125,0.25,0.5,0.0625,0.25,0.5,0.5,0.03125,0.5,0.5,0.25,1.0,1.0,0.5,0.5,0.25,?,?,?,?,?,?,?,?,?,?,?,?,?,?,?,?,?,?,?,?,?,?,?,?,?,?,?,?,?,?,?,?,?,?,?,?,?,?,?,?,?,?
87500.0,6.917527,1.4495853218353461E-7,87500.0,69.8,39.528401627526996,87500.0,63936.0,0.0625,0.015625,0.03125,0.0625,0.0625,0.125,0.0625,0.125,0.25,0.03125,0.125,0.25,0.5,0.015625,0.25,0.25,0.125,1.0,1.0,0.25,0.25,0.0625,0.5,0.5,?,?,?,?,?,?,?,?,?,?,?,?,?,?,?,?,?,?,?,?,?,?,?,?,?,?,?,?,?,?,?,?,?,?,?,?,?,?,?,?,?,?,?
88000.0,6.951506,1.4557990738501156E-7,88000.0,68.60000000000001,37.18592964824122,88000.0,70688.0,0.125,0.03125,0.0625,0.125,0.125,0.25,0.125,0.25,0.5,0.0625,0.25,0.25,0.5,0.015625,0.25,0.25,0.125,1.0,1.0,0.25,0.25,0.0625,0.5,0.5,0.25,0.5,1.0,?,?,?,?,?,?,?,?,?,?,?,?,?,?,?,?,?,?,?,?,?,?,?,?,?,?,?,?,?,?,?,?,?,?,?,?,?,?,?,?
88500.0,6.994202,1.4641777375092113E-7,88500.0,66.8,33.46693386773548,88500.0,75856.0,0.125,0.03125,0.0625,0.125,0.125,0.25,0.125,0.25,0.5,0.0625,0.25,0.25,0.5,0.015625,0.25,0.25,0.125,1.0,1.0,0.25,0.25,0.0625,0.25,0.25,0.125,0.25,0.125,0.125,0.5,?,?,?,?,?,?,?,?,?,?,?,?,?,?,?,?,?,?,?,?,?,?,?,?,?,?,?,?,?,?,?,?,?,?,?,?,?,?
89000.0,7.03866,1.4725957810050916E-7,89000.0,64.60000000000001,25.73509667024705,89000.0,73192.0,0.03125,0.015625,0.015625,0.015625,0.03125,0.015625,0.03125,0.0625,0.0625,0.03125,0.0625,0.03125,0.03125,0.125,0.125,0.03125,0.03125,0.03125,0.03125,0.015625,0.015625,0.015625,0.03125,0.5,1.0,1.0,1.0,1.0,?,?,?,?,?,?,?,?,?,?,?,?,?,?,?,?,?,?,?,?,?,?,?,?,?,?,?,?,?,?,?,?,?,?,?,?,?,?,?
89500.0,7.079523,1.4811187756972185E-7,89500.0,61.0,17.537805744443318,89500.0,80624.0,0.03125,0.015625,0.015625,0.015625,0.03125,0.015625,0.03125,0.0625,0.0625,0.03125,0.0625,0.03125,0.03125,0.125,0.125,0.03125,0.03125,0.03125,0.03125,0.015625,0.015625,0.015625,0.03125,0.5,1.0,1.0,1.0,1.0,1.0,1.0,1.0,?,?,?,?,?,?,?,?,?,?,?,?,?,?,?,?,?,?,?,?,?,?,?,?,?,?,?,?,?,?,?,?,?,?,?,?
90000.0,7.125978,1.4904735415346097E-7,90000.0,59.599999999999994,18.710965166441305,90000.0,77840.0,0.03125,0.015625,0.015625,0.015625,0.03125,0.015625,0.03125,0.0625,0.03125,0.015625,0.0625,0.03125,0.015625,0.0625,0.0625,0.015625,0.015625,0.015625,0.015625,0.015625,0.25,0.5,0.5,0.5,0.5,1.0,1.0,0.25,1.0,1.0,?,?,?,?,?,?,?,?,?,?,?,?,?,?,?,?,?,?,?,?,?,?,?,?,?,?,?,?,?,?,?,?,?,?,?,?,?
90500.0,7.162742,1.4960628914336367E-7,90500.0,66.8,33.56173155737705,90500.0,58768.0,0.015625,0.015625,0.015625,0.03125,0.015625,0.015625,0.015625,0.015625,0.015625,0.03125,0.0625,0.0625,0.0625,0.0625,0.25,0.5,0.125,0.25,0.125,0.5,1.0,1.0,?,?,?,?,?,?,?,?,?,?,?,?,?,?,?,?,?,?,?,?,?,?,?,?,?,?,?,?,?,?,?,?,?,?,?,?,?,?,?,?,?,?,?,?,?
91000.0,7.199628,1.5007989925642812E-7,91000.0,63.4,24.87684729064039,91000.0,49632.0,0.015625,0.015625,0.03125,0.03125,0.03125,0.03125,0.125,1.0,0.25,0.125,0.0625,0.5,0.5,0.5,0.5,0.5,0.5,1.0,?,?,?,?,?,?,?,?,?,?,?,?,?,?,?,?,?,?,?,?,?,?,?,?,?,?,?,?,?,?,?,?,?,?,?,?,?,?,?,?,?,?,?,?,?,?,?,?,?
91500.0,7.226768,1.5034468039042424E-7,91500.0,65.0,29.70080663303018,91500.0,37712.0,0.015625,0.125,0.03125,0.015625,0.0625,0.0625,0.0625,0.0625,0.03125,0.0625,0.25,1.0,1.0,?,?,?,?,?,?,?,?,?,?,?,?,?,?,?,?,?,?,?,?,?,?,?,?,?,?,?,?,?,?,?,?,?,?,?,?,?,?,?,?,?,?,?,?,?,?,?,?,?,?,?,?,?,?
92000.0,7.252326,1.5065707816018003E-7,92000.0,59.199999999999996,16.755080388476284,92000.0,47248.0,0.03125,0.125,0.03125,0.015625,0.0625,0.0625,0.0625,0.0625,0.03125,0.0625,0.25,1.0,1.0,1.0,0.5,0.5,1.0,?,?,?,?,?,?,?,?,?,?,?,?,?,?,?,?,?,?,?,?,?,?,?,?,?,?,?,?,?,?,?,?,?,?,?,?,?,?,?,?,?,?,?,?,?,?,?,?,?,?
92500.0,7.282634,1.5108141691320478E-7,92500.0,61.6,22.655494682565262,92500.0,54120.0,0.0625,0.25,0.0625,0.03125,0.0625,0.125,0.125,0.0625,0.03125,0.0625,0.25,1.0,1.0,1.0,0.25,0.25,0.25,0.5,0.5,1.0,?,?,?,?,?,?,?,?,?,?,?,?,?,?,?,?,?,?,?,?,?,?,?,?,?,?,?,?,?,?,?,?,?,?,?,?,?,?,?,?,?,?,?,?,?,?,?
93000.0,7.320546,1.5172795114417877E-7,93000.0,58.4,16.799999999999994,93000.0,65920.0,0.03125,0.125,0.03125,0.015625,0.03125,0.0625,0.0625,0.03125,0.015625,0.03125,0.125,0.5,0.5,0.5,0.125,0.125,0.125,0.25,0.25,0.5,1.0,0.5,0.25,1.0,1.0,?,?,?,?,?,?,?,?,?,?,?,?,?,?,?,?,?,?,?,?,?,?,?,?,?,?,?,?,?,?,?,?,?,?,?,?,?,?,?,?,?,?
93500.0,7.362159,1.5249022141719863E-7,93500.0,62.8,25.56188768649548,93500.0,70808.0,0.015625,0.125,0.03125,0.015625,0.03125,0.03125,0.015625,0.015625,0.0625,0.25,0.25,0.5,0.125,0.125,0.125,0.25,0.5,0.25,0.5,1.0,0.25,0.5,0.5,0.5,0.5,1.0,1.0,?,?,?,?,?,?,?,?,?,?,?,?,?,?,?,?,?,?,?,?,?,?,?,?,?,?,?,?,?,?,?,?,?,?,?,?,?,?,?,?
94000.0,7.408066,1.5347603884629084E-7,94000.0,65.0,29.63070192369556,94000.0,83008.0,0.015625,0.125,0.03125,0.015625,0.03125,0.03125,0.015625,0.015625,0.0625,0.25,0.25,0.25,0.125,0.125,0.125,0.125,0.25,0.25,0.5,1.0,0.25,0.5,0.5,0.25,0.25,0.5,0.5,0.5,0.5,0.5,0.5,1.0,?,?,?,?,?,?,?,?,?,?,?,?,?,?,?,?,?,?,?,?,?,?,?,?,?,?,?,?,?,?,?,?,?,?,?
94500.0,7.460595,1.547660429548059E-7,94500.0,64.60000000000001,29.04560323263422,94500.0,94928.0,0.03125,0.25,0.0625,0.03125,0.0625,0.0625,0.03125,0.03125,0.125,0.5,0.5,0.5,0.25,0.25,0.25,0.25,0.5,0.25,0.5,1.0,0.25,0.5,1.0,0.5,0.5,0.5,1.0,0.5,0.5,0.5,0.5,1.0,1.0,0.5,1.0,1.0,0.5,?,?,?,?,?,?,?,?,?,?,?,?,?,?,?,?,?,?,?,?,?,?,?,?,?,?,?,?,?,?
95000.0,7.512368,1.5612952284928833E-7,95000.0,65.4,31.02953371180711,95000.0,101800.0,0.015625,0.125,0.03125,0.015625,0.0625,0.0625,0.03125,0.015625,0.0625,0.25,0.25,0.25,0.125,0.125,0.125,0.125,0.125,0.0625,0.125,0.25,0.0625,0.125,0.25,0.125,0.125,0.125,0.25,0.125,0.25,0.25,0.25,0.5,0.5,0.5,0.5,0.5,0.5,0.5,1.0,1.0,?,?,?,?,?,?,?,?,?,?,?,?,?,?,?,?,?,?,?,?,?,?,?,?,?,?,?
95500.0,7.564965,1.5758339092549358E-7,95500.0,65.4,30.780064658621686,95500.0,106848.0,0.03125,0.5,0.125,0.0625,0.25,0.25,0.125,0.0625,0.25,1.0,1.0,1.0,0.5,0.5,0.5,0.5,0.5,0.25,0.5,1.0,0.25,0.5,1.0,0.5,0.5,0.5,1.0,0.5,1.0,1.0,0.5,1.0,1.0,0.5,1.0,0.5,0.5,0.5,0.25,0.25,0.25,1.0,?,?,?,?,?,?,?,?,?,?,?,?,?,?,?,?,?,?,?,?,?,?,?,?,?
96000.0,7.615833,1.589894665819076E-7,96000.0,66.2,32.302515622496394,96000.0,106848.0,0.125,0.03125,0.015625,0.0625,0.0625,0.03125,0.015625,0.0625,0.25,0.25,0.25,0.125,0.125,0.125,0.125,0.0625,0.03125,0.0625,0.125,0.03125,0.0625,0.125,0.0625,0.0625,0.0625,0.125,0.0625,0.125,0.25,0.25,0.5,0.5,0.125,0.5,0.25,0.125,0.125,0.125,0.125,0.25,1.0,1.0,?,?,?,?,?,?,?,?,?,?,?,?,?,?,?,?,?,?,?,?,?,?,?,?,?
96500.0,7.669906,1.605469151317246E-7,96500.0,68.0,35.39112597115214,96500.0,111336.0,0.03125,0.015625,0.0625,0.0625,0.03125,0.03125,0.125,0.125,0.125,0.0625,0.0625,0.0625,0.0625,0.03125,0.015625,0.03125,0.0625,0.015625,0.03125,0.0625,0.03125,0.03125,0.03125,0.0625,0.03125,0.0625,0.125,0.125,0.25,0.25,0.0625,0.25,0.125,0.0625,0.0625,0.125,0.125,0.125,1.0,0.5,0.5,0.5,1.0,1.0,?,?,?,?,?,?,?,?,?,?,?,?,?,?,?,?,?,?,?,?,?,?,?
97000.0,7.722718,1.6181129773250892E-7,97000.0,68.4,35.05959720509659,97000.0,92544.0,0.03125,0.03125,0.0625,0.0625,0.0625,0.03125,0.03125,0.03125,0.015625,0.015625,0.015625,0.015625,0.03125,0.0625,0.0625,0.125,0.0625,0.015625,0.0625,0.03125,0.015625,0.015625,0.0625,0.0625,0.0625,0.5,0.25,0.125,0.25,1.0,0.25,1.0,0.25,1.0,1.0,0.5,?,?,?,?,?,?,?,?,?,?,?,?,?,?,?,?,?,?,?,?,?,?,?,?,?,?,?,?,?,?,?
97500.0,7.774505,1.6311501909254333E-7,97500.0,65.4,30.58676253450601,97500.0,97312.0,0.0625,0.0625,0.125,0.125,0.125,0.0625,0.0625,0.0625,0.03125,0.015625,0.03125,0.03125,0.0625,0.0625,0.0625,0.125,0.0625,0.03125,0.125,0.0625,0.03125,0.03125,0.125,0.125,0.125,1.0,0.25,0.125,0.25,1.0,0.25,1.0,0.25,1.0,1.0,0.5,1.0,0.5,?,?,?,?,?,?,?,?,?,?,?,?,?,?,?,?,?,?,?,?,?,?,?,?,?,?,?,?,?
98000.0,7.827014,1.6443691657442192E-7,98000.0,64.4,28.846676580163415,98000.0,97312.0,0.015625,0.015625,0.03125,0.03125,0.0625,0.03125,0.03125,0.03125,0.015625,0.015625,0.015625,0.03125,0.03125,0.03125,0.0625,0.03125,0.015625,0.0625,0.03125,0.015625,0.015625,0.0625,0.0625,0.0625,0.5,0.25,0.125,0.25,1.0,0.25,1.0,0.25,1.0,0.5,0.25,0.25,0.125,0.125,?,?,?,?,?,?,?,?,?,?,?,?,?,?,?,?,?,?,?,?,?,?,?,?,?,?,?,?,?
98500.0,7.877885,1.657766416379148E-7,98500.0,63.800000000000004,27.164150275247085,98500.0,101800.0,0.03125,0.03125,0.0625,0.0625,0.125,0.0625,0.0625,0.03125,0.03125,0.015625,0.015625,0.03125,0.03125,0.03125,0.0625,0.03125,0.015625,0.0625,0.03125,0.015625,0.015625,0.0625,0.0625,0.0625,0.5,0.25,0.25,0.25,1.0,0.25,1.0,0.125,0.5,0.5,0.25,0.125,0.125,0.125,0.5,1.0,?,?,?,?,?,?,?,?,?,?,?,?,?,?,?,?,?,?,?,?,?,?,?,?,?,?,?
99000.0,7.932664,1.6718947019014102E-7,99000.0,67.60000000000001,34.87175363833723,99000.0,99696.0,0.015625,0.015625,0.0625,0.03125,0.03125,0.015625,0.015625,0.015625,0.015625,0.015625,0.03125,0.015625,0.015625,0.0625,0.03125,0.015625,0.015625,0.0625,0.0625,0.0625,0.5,0.25,0.25,0.25,1.0,0.25,1.0,0.125,0.5,0.5,0.25,0.125,0.125,0.125,0.5,0.25,0.5,0.25,1.0,?,?,?,?,?,?,?,?,?,?,?,?,?,?,?,?,?,?,?,?,?,?,?,?,?,?,?,?
99500.0,7.987373,1.6870171743962508E-7,99500.0,63.800000000000004,27.01142009161881,99500.0,106848.0,0.015625,0.015625,0.0625,0.03125,0.03125,0.015625,0.015625,0.015625,0.015625,0.015625,0.03125,0.015625,0.015625,0.0625,0.03125,0.015625,0.015625,0.0625,0.0625,0.0625,0.5,0.25,0.25,0.25,1.0,0.25,1.0,0.125,0.5,0.5,0.25,0.125,0.03125,0.03125,0.5,0.125,0.0625,0.125,0.125,1.0,1.0,1.0,?,?,?,?,?,?,?,?,?,?,?,?,?,?,?,?,?,?,?,?,?,?,?,?,?
100000.0,8.031638,1.6976147461268647E-7,100000.0,62.4,24.74340704209565,100000.0,92544.0,0.03125,0.015625,0.015625,0.015625,0.03125,0.015625,0.015625,0.0625,0.015625,0.03125,0.03125,0.03125,0.25,0.125,0.125,0.125,0.5,0.125,0.5,0.0625,0.25,0.25,0.125,0.0625,0.03125,0.03125,0.5,0.0625,0.03125,0.0625,0.0625,1.0,0.5,0.25,0.5,1.0,?,?,?,?,?,?,?,?,?,?,?,?,?,?,?,?,?,?,?,?,?,?,?,?,?,?,?,?,?,?,?
